,ProTherm PDB A,ProTherm PDB B,Mutation,ProTherm Entry ID,PDB A,PDB B
0,1lz1,1gb5,V 74 G,9671,1gb5,1lz1
1,1lz1,1gb5,V 74 G,9672,1gb5,1lz1
2,1lz1,1gb5,V 74 G,9673,1gb5,1lz1
3,1lz1,1gb5,V 74 G,9674,1gb5,1lz1
4,1lz1,1gb5,V 74 G,9675,1gb5,1lz1
5,1lz1,1gb6,V 74 I,9676,1gb6,1lz1
6,1lz1,1gb6,V 74 I,9677,1gb6,1lz1
7,1lz1,1gb6,V 74 I,9678,1gb6,1lz1
8,1lz1,1gb7,V 74 L,9679,1gb7,1lz1
9,1lz1,1gb7,V 74 L,9680,1gb7,1lz1
10,1lz1,1gb7,V 74 L,9681,1gb7,1lz1
11,1lz1,1gb7,V 74 L,9682,1gb7,1lz1
12,1lz1,1gb7,V 74 L,9683,1gb7,1lz1
13,1lz1,1gb8,V 74 M,9684,1gb8,1lz1
14,1lz1,1gb8,V 74 M,9685,1gb8,1lz1
15,1lz1,1gb8,V 74 M,9686,1gb8,1lz1
16,1lz1,1gb8,V 74 M,9687,1gb8,1lz1
17,1lz1,1gb8,V 74 M,9688,1gb8,1lz1
18,1lz1,1gb9,V 74 F,9689,1gb9,1lz1
19,1lz1,1gb9,V 74 F,9690,1gb9,1lz1
20,1lz1,1gb9,V 74 F,9691,1gb9,1lz1
21,1lz1,1gb9,V 74 F,9692,1gb9,1lz1
22,1lz1,1gb9,V 74 F,9693,1gb9,1lz1
23,1lz1,1gbo,V 110 G,9694,1gbo,1lz1
24,1lz1,1gbo,V 110 G,9695,1gbo,1lz1
25,1lz1,1gbo,V 110 G,9696,1gbo,1lz1
26,1lz1,1gbo,V 110 G,9697,1gbo,1lz1
27,1lz1,1gbo,V 110 G,9698,1gbo,1lz1
28,1lz1,1gbw,V 110 I,9699,1gbw,1lz1
29,1lz1,1gbw,V 110 I,9700,1gbw,1lz1
30,1lz1,1gbw,V 110 I,9701,1gbw,1lz1
31,1lz1,1gbw,V 110 I,9702,1gbw,1lz1
32,1lz1,1gbw,V 110 I,9703,1gbw,1lz1
33,1lz1,1gbx,V 110 L,9704,1gbx,1lz1
34,1lz1,1gbx,V 110 L,9705,1gbx,1lz1
35,1lz1,1gbx,V 110 L,9706,1gbx,1lz1
36,1lz1,1gbx,V 110 L,9707,1gbx,1lz1
37,1lz1,1gbx,V 110 L,9708,1gbx,1lz1
38,1lz1,1gby,V 110 M,9709,1gby,1lz1
39,1lz1,1gby,V 110 M,9710,1gby,1lz1
40,1lz1,1gby,V 110 M,9711,1gby,1lz1
41,1lz1,1gby,V 110 M,9712,1gby,1lz1
42,1lz1,1gbz,V 110 F,9713,1gbz,1lz1
43,1lz1,1gbz,V 110 F,9714,1gbz,1lz1
44,1lz1,1gbz,V 110 F,9715,1gbz,1lz1
45,1lz1,1gfh,V 74 Y,15309,1lz1,1gfh
46,1lz1,1gfh,V 74 Y,15310,1lz1,1gfh
47,1lz1,1gfh,V 74 Y,15311,1lz1,1gfh
48,1lz1,1gfh,V 74 Y,15312,1lz1,1gfh
49,1lz1,1gfh,V 74 Y,15313,1lz1,1gfh
50,1lz1,1gfh,V 74 Y,15357,1lz1,1gfh
51,1lz1,1gfh,V 74 Y,15366,1lz1,1gfh
52,1lz1,1gfj,V 74 D,15314,1gfj,1lz1
53,1lz1,1gfj,V 74 D,15315,1gfj,1lz1
54,1lz1,1gfj,V 74 D,15316,1gfj,1lz1
55,1lz1,1gfj,V 74 D,15317,1gfj,1lz1
56,1lz1,1gfj,V 74 D,15318,1gfj,1lz1
57,1lz1,1gfj,V 74 D,15358,1gfj,1lz1
58,1lz1,1gfj,V 74 D,15367,1gfj,1lz1
59,1lz1,1gfk,V 74 N,15319,1gfk,1lz1
60,1lz1,1gfk,V 74 N,15320,1gfk,1lz1
61,1lz1,1gfk,V 74 N,15321,1gfk,1lz1
62,1lz1,1gfk,V 74 N,15359,1gfk,1lz1
63,1lz1,1gfk,V 74 N,15368,1gfk,1lz1
64,1lz1,1gfr,V 74 R,15322,1gfr,1lz1
65,1lz1,1gfr,V 74 R,15323,1gfr,1lz1
66,1lz1,1gfr,V 74 R,15324,1gfr,1lz1
67,1lz1,1gfr,V 74 R,15325,1gfr,1lz1
68,1lz1,1gfr,V 74 R,15326,1gfr,1lz1
69,1lz1,1gfr,V 74 R,15360,1gfr,1lz1
70,1lz1,1gfr,V 74 R,15369,1gfr,1lz1
71,1lz1,1gft,V 110 Y,15327,1lz1,1gft
72,1lz1,1gft,V 110 Y,15328,1lz1,1gft
73,1lz1,1gft,V 110 Y,15329,1lz1,1gft
74,1lz1,1gft,V 110 Y,15330,1lz1,1gft
75,1lz1,1gft,V 110 Y,15331,1lz1,1gft
76,1lz1,1gft,V 110 Y,15361,1lz1,1gft
77,1lz1,1gft,V 110 Y,15370,1lz1,1gft
78,1lz1,1gfu,V 110 D,15332,1gfu,1lz1
79,1lz1,1gfu,V 110 D,15333,1gfu,1lz1
80,1lz1,1gfu,V 110 D,15334,1gfu,1lz1
81,1lz1,1gfu,V 110 D,15335,1gfu,1lz1
82,1lz1,1gfu,V 110 D,15336,1gfu,1lz1
83,1lz1,1gfu,V 110 D,15362,1gfu,1lz1
84,1lz1,1gfu,V 110 D,15371,1gfu,1lz1
85,1lz1,1gfv,V 110 N,15337,1gfv,1lz1
86,1lz1,1gfv,V 110 N,15338,1gfv,1lz1
87,1lz1,1gfv,V 110 N,15339,1gfv,1lz1
88,1lz1,1gfv,V 110 N,15340,1gfv,1lz1
89,1lz1,1gfv,V 110 N,15363,1gfv,1lz1
90,1lz1,1gfv,V 110 N,15372,1gfv,1lz1
91,1lz1,1inu,V 110 R,15341,1inu,1lz1
92,1lz1,1inu,V 110 R,15342,1inu,1lz1
93,1lz1,1inu,V 110 R,15343,1inu,1lz1
94,1lz1,1inu,V 110 R,15344,1inu,1lz1
95,1lz1,1inu,V 110 R,15364,1inu,1lz1
96,1lz1,1inu,V 110 R,15373,1inu,1lz1
97,1lz1,1lhh,V 110 P,13933,1lhh,1lz1
98,1lz1,1lhh,V 110 P,2136,1lhh,1lz1
99,1lz1,1lhh,V 110 P,324,1lhh,1lz1
100,1lz1,1lhi,P 71 G,13928,1lhi,1lz1
101,1lz1,1lhi,P 71 G,2131,1lhi,1lz1
102,1lz1,1lhi,P 71 G,320,1lhi,1lz1
103,1lz1,1lhj,P 103 G,13929,1lhj,1lz1
104,1lz1,1lhj,P 103 G,2132,1lhj,1lz1
105,1lz1,1lhj,P 103 G,321,1lhj,1lz1
106,1lz1,1lhk,D 91 P,13931,1lz1,1lhk
107,1lz1,1lhk,D 91 P,2134,1lz1,1lhk
108,1lz1,1lhk,D 91 P,323,1lz1,1lhk
109,1lz1,1lhl,A 47 P,13932,1lz1,1lhl
110,1lz1,1lhl,A 47 P,2135,1lz1,1lhl
111,1lz1,1lhl,A 47 P,322,1lz1,1lhl
112,1lz1,1oub,V 100 A,13432,1oub,1lz1
113,1lz1,1oub,V 100 A,4292,1oub,1lz1
114,1lz1,1oub,V 100 A,4293,1oub,1lz1
115,1lz1,1oub,V 100 A,4294,1oub,1lz1
116,1lz1,1oub,V 100 A,4295,1oub,1lz1
117,1lz1,1oub,V 100 A,4296,1oub,1lz1
118,1lz1,1oub,V 100 A,818,1oub,1lz1
119,1lz1,1ouc,V 110 A,13433,1ouc,1lz1
120,1lz1,1ouc,V 110 A,4297,1ouc,1lz1
121,1lz1,1ouc,V 110 A,4298,1ouc,1lz1
122,1lz1,1ouc,V 110 A,4299,1ouc,1lz1
123,1lz1,1ouc,V 110 A,4300,1ouc,1lz1
124,1lz1,1ouc,V 110 A,4301,1ouc,1lz1
125,1lz1,1ouc,V 110 A,819,1ouc,1lz1
126,1lz1,1oud,V 121 A,13434,1oud,1lz1
127,1lz1,1oud,V 121 A,4302,1oud,1lz1
128,1lz1,1oud,V 121 A,4303,1oud,1lz1
129,1lz1,1oud,V 121 A,4304,1oud,1lz1
130,1lz1,1oud,V 121 A,4305,1oud,1lz1
131,1lz1,1oud,V 121 A,820,1oud,1lz1
132,1lz1,1oue,V 125 A,13435,1oue,1lz1
133,1lz1,1oue,V 125 A,821,1oue,1lz1
134,1lz1,1ouh,V 74 A,13429,1ouh,1lz1
135,1lz1,1ouh,V 74 A,4277,1ouh,1lz1
136,1lz1,1ouh,V 74 A,4278,1ouh,1lz1
137,1lz1,1ouh,V 74 A,4279,1ouh,1lz1
138,1lz1,1ouh,V 74 A,4280,1ouh,1lz1
139,1lz1,1ouh,V 74 A,4281,1ouh,1lz1
140,1lz1,1ouh,V 74 A,815,1ouh,1lz1
141,1lz1,1oui,V 93 A,13430,1oui,1lz1
142,1lz1,1oui,V 93 A,4282,1oui,1lz1
143,1lz1,1oui,V 93 A,4283,1oui,1lz1
144,1lz1,1oui,V 93 A,4284,1oui,1lz1
145,1lz1,1oui,V 93 A,4285,1oui,1lz1
146,1lz1,1oui,V 93 A,4286,1oui,1lz1
147,1lz1,1oui,V 93 A,816,1oui,1lz1
148,1lz1,1ouj,V 99 A,13431,1ouj,1lz1
149,1lz1,1ouj,V 99 A,4287,1ouj,1lz1
150,1lz1,1ouj,V 99 A,4288,1ouj,1lz1
151,1lz1,1ouj,V 99 A,4289,1ouj,1lz1
152,1lz1,1ouj,V 99 A,4290,1ouj,1lz1
153,1lz1,1ouj,V 99 A,4291,1ouj,1lz1
154,1lz1,1ouj,V 99 A,817,1ouj,1lz1
155,1lz1,1wqm,Y 124 F,14208,1wqm,1lz1
156,1lz1,1wqm,Y 124 F,3405,1wqm,1lz1
157,1lz1,1wqm,Y 124 F,4211,1wqm,1lz1
158,1lz1,1wqm,Y 124 F,4212,1wqm,1lz1
159,1lz1,1wqm,Y 124 F,4213,1wqm,1lz1
160,1lz1,1wqm,Y 124 F,4214,1wqm,1lz1
161,1lz1,1wqn,Y 20 F,14203,1wqn,1lz1
162,1lz1,1wqn,Y 20 F,3400,1wqn,1lz1
163,1lz1,1wqo,Y 38 F,14204,1wqo,1lz1
164,1lz1,1wqo,Y 38 F,3401,1wqo,1lz1
165,1lz1,1wqo,Y 38 F,4194,1wqo,1lz1
166,1lz1,1wqo,Y 38 F,4195,1wqo,1lz1
167,1lz1,1wqo,Y 38 F,4196,1wqo,1lz1
168,1lz1,1wqo,Y 38 F,4197,1wqo,1lz1
169,1lz1,1wqp,Y 45 F,14205,1wqp,1lz1
170,1lz1,1wqp,Y 45 F,3402,1wqp,1lz1
171,1lz1,1wqp,Y 45 F,4198,1wqp,1lz1
172,1lz1,1wqp,Y 45 F,4199,1wqp,1lz1
173,1lz1,1wqp,Y 45 F,4200,1wqp,1lz1
174,1lz1,1wqp,Y 45 F,4201,1wqp,1lz1
175,1lz1,1wqp,Y 45 F,4202,1wqp,1lz1
176,1lz1,1wqq,Y 54 F,14206,1wqq,1lz1
177,1lz1,1wqq,Y 54 F,3403,1wqq,1lz1
178,1lz1,1wqq,Y 54 F,4203,1wqq,1lz1
179,1lz1,1wqq,Y 54 F,4204,1wqq,1lz1
180,1lz1,1wqq,Y 54 F,4205,1wqq,1lz1
181,1lz1,1wqq,Y 54 F,4206,1wqq,1lz1
182,1lz1,1wqr,Y 63 F,4207,1wqr,1lz1
183,1lz1,1wqr,Y 63 F,4208,1wqr,1lz1
184,1lz1,1wqr,Y 63 F,4209,1wqr,1lz1
185,1lz1,1wqr,Y 63 F,4210,1wqr,1lz1
186,1lz1,1yam,I 106 V,13426,1lz1,1yam
187,1lz1,1yam,I 106 V,4270,1lz1,1yam
188,1lz1,1yam,I 106 V,4271,1lz1,1yam
189,1lz1,1yam,I 106 V,4272,1lz1,1yam
190,1lz1,1yam,I 106 V,4273,1lz1,1yam
191,1lz1,1yam,I 106 V,807,1lz1,1yam
192,1lz1,1yan,I 23 V,13422,1lz1,1yan
193,1lz1,1yan,I 23 V,4252,1lz1,1yan
194,1lz1,1yan,I 23 V,4253,1lz1,1yan
195,1lz1,1yan,I 23 V,4254,1lz1,1yan
196,1lz1,1yan,I 23 V,4255,1lz1,1yan
197,1lz1,1yan,I 23 V,4256,1lz1,1yan
198,1lz1,1yan,I 23 V,803,1lz1,1yan
199,1lz1,1yao,I 56 V,13423,1lz1,1yao
200,1lz1,1yao,I 56 V,4257,1lz1,1yao
201,1lz1,1yao,I 56 V,4258,1lz1,1yao
202,1lz1,1yao,I 56 V,4259,1lz1,1yao
203,1lz1,1yao,I 56 V,804,1lz1,1yao
204,1lz1,1yap,I 59 V,13424,1lz1,1yap
205,1lz1,1yap,I 59 V,4261,1lz1,1yap
206,1lz1,1yap,I 59 V,4262,1lz1,1yap
207,1lz1,1yap,I 59 V,4263,1lz1,1yap
208,1lz1,1yap,I 59 V,4264,1lz1,1yap
209,1lz1,1yap,I 59 V,805,1lz1,1yap
210,1lz1,1yaq,I 89 V,13425,1lz1,1yaq
211,1lz1,1yaq,I 89 V,806,1lz1,1yaq
212,1lz1,2hea,I 106 A,14239,2hea,1lz1
213,1lz1,2hea,I 106 A,3488,2hea,1lz1
214,1lz1,2hea,I 106 A,3489,2hea,1lz1
215,1lz1,2hea,I 106 A,3490,2hea,1lz1
216,1lz1,2hea,I 106 A,3491,2hea,1lz1
217,1lz1,2hea,I 106 A,3492,2hea,1lz1
218,1lz1,2hea,I 106 A,3504,2hea,1lz1
219,1lz1,2heb,I 23 A,14235,2heb,1lz1
220,1lz1,2heb,I 23 A,3471,2heb,1lz1
221,1lz1,2heb,I 23 A,3472,2heb,1lz1
222,1lz1,2heb,I 23 A,3500,2heb,1lz1
223,1lz1,2hec,I 56 A,14236,2hec,1lz1
224,1lz1,2hec,I 56 A,3473,2hec,1lz1
225,1lz1,2hec,I 56 A,3474,2hec,1lz1
226,1lz1,2hec,I 56 A,3475,2hec,1lz1
227,1lz1,2hec,I 56 A,3476,2hec,1lz1
228,1lz1,2hec,I 56 A,3477,2hec,1lz1
229,1lz1,2hec,I 56 A,3501,2hec,1lz1
230,1lz1,2hed,I 59 A,14237,2hed,1lz1
231,1lz1,2hed,I 59 A,3478,2hed,1lz1
232,1lz1,2hed,I 59 A,3479,2hed,1lz1
233,1lz1,2hed,I 59 A,3480,2hed,1lz1
234,1lz1,2hed,I 59 A,3481,2hed,1lz1
235,1lz1,2hed,I 59 A,3482,2hed,1lz1
236,1lz1,2hed,I 59 A,3502,2hed,1lz1
237,1lz1,2hee,I 59 G,14240,2hee,1lz1
238,1lz1,2hee,I 59 G,3494,2hee,1lz1
239,1lz1,2hee,I 59 G,3495,2hee,1lz1
240,1lz1,2hee,I 59 G,3496,2hee,1lz1
241,1lz1,2hee,I 59 G,3497,2hee,1lz1
242,1lz1,2hee,I 59 G,3498,2hee,1lz1
243,1lz1,2hee,I 59 G,3505,2hee,1lz1
244,1lz1,2hef,I 89 A,14238,2hef,1lz1
245,1lz1,2hef,I 89 A,3483,2hef,1lz1
246,1lz1,2hef,I 89 A,3484,2hef,1lz1
247,1lz1,2hef,I 89 A,3485,2hef,1lz1
248,1lz1,2hef,I 89 A,3486,2hef,1lz1
249,1lz1,2hef,I 89 A,3487,2hef,1lz1
250,1lz1,2hef,I 89 A,3503,2hef,1lz1
251,2lzm,1dya,V 131 D,13815,1dya,2lzm
252,2lzm,1dya,V 131 D,1495,1dya,2lzm
253,2lzm,1dyb,V 131 G,13816,1dyb,2lzm
254,2lzm,1dyb,V 131 G,1496,1dyb,2lzm
255,2lzm,1dyc,V 131 I,13811,1dyc,2lzm
256,2lzm,1dyc,V 131 I,1491,1dyc,2lzm
257,2lzm,1dyd,V 131 L,13809,1dyd,2lzm
258,2lzm,1dyd,V 131 L,1489,1dyd,2lzm
259,2lzm,1dye,V 131 S,13814,1dye,2lzm
260,2lzm,1dye,V 131 S,1494,1dye,2lzm
261,2lzm,1dyf,V 131 M,13810,1dyf,2lzm
262,2lzm,1dyf,V 131 M,1490,1dyf,2lzm
263,2lzm,1dyg,V 131 E,13813,1dyg,2lzm
264,2lzm,1dyg,V 131 E,1493,1dyg,2lzm
265,2lzm,1l00,Q 105 A,1138,1l00,2lzm
266,2lzm,1l00,Q 105 A,1142,1l00,2lzm
267,2lzm,1l00,Q 105 A,13550,1l00,2lzm
268,2lzm,1l00,Q 105 A,13553,1l00,2lzm
269,2lzm,1l02,T 157 A,1276,1l02,2lzm
270,2lzm,1l02,T 157 A,1358,1l02,2lzm
271,2lzm,1l02,T 157 A,13642,1l02,2lzm
272,2lzm,1l02,T 157 A,1366,1l02,2lzm
273,2lzm,1l02,T 157 A,13692,1l02,2lzm
274,2lzm,1l02,T 157 A,13699,1l02,2lzm
275,2lzm,1l02,T 157 A,13706,1l02,2lzm
276,2lzm,1l02,T 157 A,1374,1l02,2lzm
277,2lzm,1l03,T 157 C,1273,1l03,2lzm
278,2lzm,1l03,T 157 C,13639,1l03,2lzm
279,2lzm,1l05,T 157 D,4343,1l05,2lzm
280,2lzm,1l06,T 157 E,1277,1l06,2lzm
281,2lzm,1l06,T 157 E,1359,1l06,2lzm
282,2lzm,1l06,T 157 E,13643,1l06,2lzm
283,2lzm,1l06,T 157 E,1367,1l06,2lzm
284,2lzm,1l06,T 157 E,13693,1l06,2lzm
285,2lzm,1l06,T 157 E,13700,1l06,2lzm
286,2lzm,1l06,T 157 E,13707,1l06,2lzm
287,2lzm,1l06,T 157 E,1375,1l06,2lzm
288,2lzm,1l07,T 157 F,1280,1l07,2lzm
289,2lzm,1l07,T 157 F,13646,1l07,2lzm
290,2lzm,1l07,T 157 F,4344,1l07,2lzm
291,2lzm,1l08,T 157 G,1272,1l08,2lzm
292,2lzm,1l08,T 157 G,13638,1l08,2lzm
293,2lzm,1l09,T 157 H,1279,1l09,2lzm
294,2lzm,1l09,T 157 H,13645,1l09,2lzm
295,2lzm,1l10,T 157 I,1267,1l10,2lzm
296,2lzm,1l10,T 157 I,1281,1l10,2lzm
297,2lzm,1l10,T 157 I,1283,1l10,2lzm
298,2lzm,1l10,T 157 I,1285,1l10,2lzm
299,2lzm,1l10,T 157 I,1360,1l10,2lzm
300,2lzm,1l10,T 157 I,13647,1l10,2lzm
301,2lzm,1l10,T 157 I,13648,1l10,2lzm
302,2lzm,1l10,T 157 I,13649,1l10,2lzm
303,2lzm,1l10,T 157 I,1368,1l10,2lzm
304,2lzm,1l10,T 157 I,13694,1l10,2lzm
305,2lzm,1l10,T 157 I,13701,1l10,2lzm
306,2lzm,1l10,T 157 I,13708,1l10,2lzm
307,2lzm,1l10,T 157 I,1376,1l10,2lzm
308,2lzm,1l11,T 157 L,1274,1l11,2lzm
309,2lzm,1l11,T 157 L,1361,1l11,2lzm
310,2lzm,1l11,T 157 L,13640,1l11,2lzm
311,2lzm,1l11,T 157 L,1369,1l11,2lzm
312,2lzm,1l11,T 157 L,13695,1l11,2lzm
313,2lzm,1l11,T 157 L,13702,1l11,2lzm
314,2lzm,1l11,T 157 L,13709,1l11,2lzm
315,2lzm,1l11,T 157 L,1377,1l11,2lzm
316,2lzm,1l12,T 157 N,1269,1l12,2lzm
317,2lzm,1l12,T 157 N,1362,1l12,2lzm
318,2lzm,1l12,T 157 N,13635,1l12,2lzm
319,2lzm,1l12,T 157 N,13696,1l12,2lzm
320,2lzm,1l12,T 157 N,1370,1l12,2lzm
321,2lzm,1l12,T 157 N,13703,1l12,2lzm
322,2lzm,1l12,T 157 N,13710,1l12,2lzm
323,2lzm,1l12,T 157 N,1378,1l12,2lzm
324,2lzm,1l13,T 157 R,1275,1l13,2lzm
325,2lzm,1l13,T 157 R,1363,1l13,2lzm
326,2lzm,1l13,T 157 R,13641,1l13,2lzm
327,2lzm,1l13,T 157 R,13697,1l13,2lzm
328,2lzm,1l13,T 157 R,13704,1l13,2lzm
329,2lzm,1l13,T 157 R,1371,1l13,2lzm
330,2lzm,1l13,T 157 R,13711,1l13,2lzm
331,2lzm,1l13,T 157 R,1379,1l13,2lzm
332,2lzm,1l14,T 157 S,1270,1l14,2lzm
333,2lzm,1l14,T 157 S,13636,1l14,2lzm
334,2lzm,1l15,T 157 V,1278,2lzm,1l15
335,2lzm,1l15,T 157 V,1364,2lzm,1l15
336,2lzm,1l15,T 157 V,13644,2lzm,1l15
337,2lzm,1l15,T 157 V,13698,2lzm,1l15
338,2lzm,1l15,T 157 V,13705,2lzm,1l15
339,2lzm,1l15,T 157 V,13712,2lzm,1l15
340,2lzm,1l15,T 157 V,1372,2lzm,1l15
341,2lzm,1l15,T 157 V,1380,2lzm,1l15
342,2lzm,1l16,G 156 D,1266,1l16,2lzm
343,2lzm,1l16,G 156 D,1335,1l16,2lzm
344,2lzm,1l16,G 156 D,1337,1l16,2lzm
345,2lzm,1l16,G 156 D,13690,1l16,2lzm
346,2lzm,1l16,G 156 D,13691,1l16,2lzm
347,2lzm,1l16,G 156 D,4342,1l16,2lzm
348,2lzm,1l19,S 38 D,13295,1l19,2lzm
349,2lzm,1l19,S 38 D,13300,1l19,2lzm
350,2lzm,1l19,S 38 D,13740,1l19,2lzm
351,2lzm,1l19,S 38 D,13754,1l19,2lzm
352,2lzm,1l19,S 38 D,1415,1l19,2lzm
353,2lzm,1l19,S 38 D,1430,1l19,2lzm
354,2lzm,1l19,S 38 D,341,1l19,2lzm
355,2lzm,1l19,S 38 D,346,1l19,2lzm
356,2lzm,1l20,N 144 D,13299,1l20,2lzm
357,2lzm,1l20,N 144 D,13304,1l20,2lzm
358,2lzm,1l20,N 144 D,13742,1l20,2lzm
359,2lzm,1l20,N 144 D,13756,1l20,2lzm
360,2lzm,1l20,N 144 D,1417,1l20,2lzm
361,2lzm,1l20,N 144 D,1432,1l20,2lzm
362,2lzm,1l20,N 144 D,345,1l20,2lzm
363,2lzm,1l20,N 144 D,350,1l20,2lzm
364,2lzm,1l21,N 55 G,1287,1l21,2lzm
365,2lzm,1l21,N 55 G,1290,1l21,2lzm
366,2lzm,1l21,N 55 G,13650,1l21,2lzm
367,2lzm,1l21,N 55 G,13652,1l21,2lzm
368,2lzm,1l22,K 124 G,1288,1l22,2lzm
369,2lzm,1l22,K 124 G,1291,1l22,2lzm
370,2lzm,1l22,K 124 G,13651,1l22,2lzm
371,2lzm,1l22,K 124 G,13653,1l22,2lzm
372,2lzm,1l23,G 77 A,1229,1l23,2lzm
373,2lzm,1l23,G 77 A,1232,1l23,2lzm
374,2lzm,1l23,G 77 A,13243,1l23,2lzm
375,2lzm,1l23,G 77 A,13248,1l23,2lzm
376,2lzm,1l23,G 77 A,13615,1l23,2lzm
377,2lzm,1l23,G 77 A,13617,1l23,2lzm
378,2lzm,1l23,G 77 A,194,1l23,2lzm
379,2lzm,1l23,G 77 A,199,1l23,2lzm
380,2lzm,1l23,G 77 A,4327,1l23,2lzm
381,2lzm,1l24,A 82 P,1230,2lzm,1l24
382,2lzm,1l24,A 82 P,1233,2lzm,1l24
383,2lzm,1l24,A 82 P,13244,2lzm,1l24
384,2lzm,1l24,A 82 P,13249,2lzm,1l24
385,2lzm,1l24,A 82 P,13616,2lzm,1l24
386,2lzm,1l24,A 82 P,13618,2lzm,1l24
387,2lzm,1l24,A 82 P,13728,2lzm,1l24
388,2lzm,1l24,A 82 P,13732,2lzm,1l24
389,2lzm,1l24,A 82 P,13736,2lzm,1l24
390,2lzm,1l24,A 82 P,13741,2lzm,1l24
391,2lzm,1l24,A 82 P,13755,2lzm,1l24
392,2lzm,1l24,A 82 P,1400,2lzm,1l24
393,2lzm,1l24,A 82 P,1405,2lzm,1l24
394,2lzm,1l24,A 82 P,1410,2lzm,1l24
395,2lzm,1l24,A 82 P,1416,2lzm,1l24
396,2lzm,1l24,A 82 P,1431,2lzm,1l24
397,2lzm,1l24,A 82 P,195,2lzm,1l24
398,2lzm,1l24,A 82 P,200,2lzm,1l24
399,2lzm,1l24,A 82 P,2794,2lzm,1l24
400,2lzm,1l24,A 82 P,4328,2lzm,1l24
401,2lzm,1l25,P 86 A,1339,1l25,2lzm
402,2lzm,1l25,P 86 A,2796,1l25,2lzm
403,2lzm,1l26,P 86 C,1342,1l26,2lzm
404,2lzm,1l27,P 86 D,1341,1l27,2lzm
405,2lzm,1l27,P 86 D,1351,1l27,2lzm
406,2lzm,1l27,P 86 D,1355,1l27,2lzm
407,2lzm,1l28,P 86 G,1343,1l28,2lzm
408,2lzm,1l28,P 86 G,1352,1l28,2lzm
409,2lzm,1l29,P 86 H,1344,1l29,2lzm
410,2lzm,1l29,P 86 H,1356,1l29,2lzm
411,2lzm,1l30,P 86 L,1346,1l30,2lzm
412,2lzm,1l31,P 86 R,1340,2lzm,1l31
413,2lzm,1l31,P 86 R,1350,2lzm,1l31
414,2lzm,1l31,P 86 R,1354,2lzm,1l31
415,2lzm,1l32,P 86 S,1347,2lzm,1l32
416,2lzm,1l33,V 131 A,1236,1l33,2lzm
417,2lzm,1l33,V 131 A,13620,1l33,2lzm
418,2lzm,1l33,V 131 A,13744,1l33,2lzm
419,2lzm,1l33,V 131 A,13758,1l33,2lzm
420,2lzm,1l33,V 131 A,13808,1l33,2lzm
421,2lzm,1l33,V 131 A,13857,1l33,2lzm
422,2lzm,1l33,V 131 A,13861,1l33,2lzm
423,2lzm,1l33,V 131 A,1419,1l33,2lzm
424,2lzm,1l33,V 131 A,14257,1l33,2lzm
425,2lzm,1l33,V 131 A,1434,1l33,2lzm
426,2lzm,1l33,V 131 A,1488,1l33,2lzm
427,2lzm,1l33,V 131 A,1547,1l33,2lzm
428,2lzm,1l33,V 131 A,1552,1l33,2lzm
429,2lzm,1l33,V 131 A,4224,1l33,2lzm
430,2lzm,1l34,R 96 H,11790,1l34,2lzm
431,2lzm,1l34,R 96 H,1212,1l34,2lzm
432,2lzm,1l34,R 96 H,1225,1l34,2lzm
433,2lzm,1l34,R 96 H,1262,1l34,2lzm
434,2lzm,1l34,R 96 H,1331,1l34,2lzm
435,2lzm,1l34,R 96 H,13610,1l34,2lzm
436,2lzm,1l34,R 96 H,13687,1l34,2lzm
437,2lzm,1l34,R 96 H,14106,1l34,2lzm
438,2lzm,1l34,R 96 H,2931,1l34,2lzm
439,2lzm,1l34,R 96 H,3813,1l34,2lzm
440,2lzm,1l34,R 96 H,3814,1l34,2lzm
441,2lzm,1l34,R 96 H,3815,1l34,2lzm
442,2lzm,1l34,R 96 H,3816,1l34,2lzm
443,2lzm,1l34,R 96 H,3817,1l34,2lzm
444,2lzm,1l34,R 96 H,3818,1l34,2lzm
445,2lzm,1l34,R 96 H,3819,1l34,2lzm
446,2lzm,1l34,R 96 H,3820,1l34,2lzm
447,2lzm,1l37,T 115 E,13296,1l37,2lzm
448,2lzm,1l37,T 115 E,13301,1l37,2lzm
449,2lzm,1l37,T 115 E,13305,1l37,2lzm
450,2lzm,1l37,T 115 E,13306,1l37,2lzm
451,2lzm,1l37,T 115 E,13307,1l37,2lzm
452,2lzm,1l37,T 115 E,13308,1l37,2lzm
453,2lzm,1l37,T 115 E,13309,1l37,2lzm
454,2lzm,1l37,T 115 E,342,1l37,2lzm
455,2lzm,1l37,T 115 E,347,1l37,2lzm
456,2lzm,1l37,T 115 E,360,1l37,2lzm
457,2lzm,1l37,T 115 E,361,1l37,2lzm
458,2lzm,1l37,T 115 E,362,1l37,2lzm
459,2lzm,1l37,T 115 E,363,1l37,2lzm
460,2lzm,1l37,T 115 E,364,1l37,2lzm
461,2lzm,1l38,Q 123 E,13310,1l38,2lzm
462,2lzm,1l38,Q 123 E,13311,1l38,2lzm
463,2lzm,1l38,Q 123 E,13312,1l38,2lzm
464,2lzm,1l38,Q 123 E,365,1l38,2lzm
465,2lzm,1l38,Q 123 E,366,1l38,2lzm
466,2lzm,1l38,Q 123 E,367,1l38,2lzm
467,2lzm,1l44,R 119 E,1030,1l44,2lzm
468,2lzm,1l44,R 119 E,1044,1l44,2lzm
469,2lzm,1l44,R 119 E,13464,1l44,2lzm
470,2lzm,1l44,R 119 E,13477,1l44,2lzm
471,2lzm,1l45,K 135 E,1031,1l45,2lzm
472,2lzm,1l45,K 135 E,1045,1l45,2lzm
473,2lzm,1l45,K 135 E,13465,1l45,2lzm
474,2lzm,1l45,K 135 E,13478,1l45,2lzm
475,2lzm,1l46,K 147 E,1032,1l46,2lzm
476,2lzm,1l46,K 147 E,1046,1l46,2lzm
477,2lzm,1l46,K 147 E,13466,1l46,2lzm
478,2lzm,1l46,K 147 E,13479,1l46,2lzm
479,2lzm,1l47,R 154 E,1033,1l47,2lzm
480,2lzm,1l47,R 154 E,1047,1l47,2lzm
481,2lzm,1l47,R 154 E,13467,1l47,2lzm
482,2lzm,1l47,R 154 E,13480,1l47,2lzm
483,2lzm,1l48,A 98 V,1263,2lzm,1l48
484,2lzm,1l48,A 98 V,13851,2lzm,1l48
485,2lzm,1l48,A 98 V,1540,2lzm,1l48
486,2lzm,1l52,T 152 S,13855,1l52,2lzm
487,2lzm,1l52,T 152 S,1544,1l52,2lzm
488,2lzm,1l53,V 149 C,13856,1l53,2lzm
489,2lzm,1l53,V 149 C,1545,1l53,2lzm
490,2lzm,1l56,K 60 P,13242,2lzm,1l56
491,2lzm,1l56,K 60 P,13247,2lzm,1l56
492,2lzm,1l56,K 60 P,193,2lzm,1l56
493,2lzm,1l56,K 60 P,198,2lzm,1l56
494,2lzm,1l57,N 116 D,13297,1l57,2lzm
495,2lzm,1l57,N 116 D,13302,1l57,2lzm
496,2lzm,1l57,N 116 D,13746,1l57,2lzm
497,2lzm,1l57,N 116 D,13760,1l57,2lzm
498,2lzm,1l57,N 116 D,1421,1l57,2lzm
499,2lzm,1l57,N 116 D,1436,1l57,2lzm
500,2lzm,1l57,N 116 D,343,1l57,2lzm
501,2lzm,1l57,N 116 D,348,1l57,2lzm
502,2lzm,1l58,P 143 A,2798,1l58,2lzm
503,2lzm,1l60,G 113 A,13246,1l60,2lzm
504,2lzm,1l60,G 113 A,13251,1l60,2lzm
505,2lzm,1l60,G 113 A,13730,1l60,2lzm
506,2lzm,1l60,G 113 A,13734,1l60,2lzm
507,2lzm,1l60,G 113 A,13738,1l60,2lzm
508,2lzm,1l60,G 113 A,1402,1l60,2lzm
509,2lzm,1l60,G 113 A,1407,1l60,2lzm
510,2lzm,1l60,G 113 A,1412,1l60,2lzm
511,2lzm,1l60,G 113 A,197,1l60,2lzm
512,2lzm,1l60,G 113 A,202,1l60,2lzm
513,2lzm,1l69,L 133 A,1025,1l69,2lzm
514,2lzm,1l69,L 133 A,1237,1l69,2lzm
515,2lzm,1l69,L 133 A,13461,1l69,2lzm
516,2lzm,1l69,L 133 A,13621,1l69,2lzm
517,2lzm,1l98,Q 105 E,1139,1l98,2lzm
518,2lzm,1l98,Q 105 E,1143,1l98,2lzm
519,2lzm,1l98,Q 105 E,13551,1l98,2lzm
520,2lzm,1l98,Q 105 E,13554,1l98,2lzm
521,2lzm,1l99,Q 105 G,1140,1l99,2lzm
522,2lzm,1l99,Q 105 G,1144,1l99,2lzm
523,2lzm,1l99,Q 105 G,13552,1l99,2lzm
524,2lzm,1l99,Q 105 G,13555,1l99,2lzm
525,2lzm,1l99,Q 105 G,4334,1l99,2lzm
526,2rn2,1gob,G 77 A,13371,1gob,2rn2
527,2rn2,1gob,G 77 A,733,1gob,2rn2
528,2rn2,1kva,D 134 A,13228,1kva,2rn2
529,2rn2,1kva,D 134 A,13241,1kva,2rn2
530,2rn2,1kva,D 134 A,13360,1kva,2rn2
531,2rn2,1kva,D 134 A,13370,1kva,2rn2
532,2rn2,1kva,D 134 A,156,1kva,2rn2
533,2rn2,1kva,D 134 A,169,1kva,2rn2
534,2rn2,1kva,D 134 A,689,1kva,2rn2
535,2rn2,1kva,D 134 A,700,1kva,2rn2
536,2rn2,1kvb,D 134 H,13346,2rn2,1kvb
537,2rn2,1kvb,D 134 H,13350,2rn2,1kvb
538,2rn2,1kvb,D 134 H,13352,2rn2,1kvb
539,2rn2,1kvb,D 134 H,13362,2rn2,1kvb
540,2rn2,1kvb,D 134 H,674,2rn2,1kvb
541,2rn2,1kvb,D 134 H,678,2rn2,1kvb
542,2rn2,1kvb,D 134 H,681,2rn2,1kvb
543,2rn2,1kvb,D 134 H,692,2rn2,1kvb
544,2rn2,1lav,V 74 L,13345,1lav,2rn2
545,2rn2,1lav,V 74 L,13349,1lav,2rn2
546,2rn2,1lav,V 74 L,13376,1lav,2rn2
547,2rn2,1lav,V 74 L,13379,1lav,2rn2
548,2rn2,1lav,V 74 L,673,1lav,2rn2
549,2rn2,1lav,V 74 L,677,1lav,2rn2
550,2rn2,1lav,V 74 L,743,1lav,2rn2
551,2rn2,1lav,V 74 L,747,1lav,2rn2
552,2rn2,1law,V 74 I,13377,1law,2rn2
553,2rn2,1law,V 74 I,13380,1law,2rn2
554,2rn2,1law,V 74 I,744,1law,2rn2
555,2rn2,1law,V 74 I,748,1law,2rn2
556,2rn2,1rbr,H 62 P,13344,2rn2,1rbr
557,2rn2,1rbr,H 62 P,13348,2rn2,1rbr
558,2rn2,1rbr,H 62 P,13372,2rn2,1rbr
559,2rn2,1rbr,H 62 P,13374,2rn2,1rbr
560,2rn2,1rbr,H 62 P,13385,2rn2,1rbr
561,2rn2,1rbr,H 62 P,13399,2rn2,1rbr
562,2rn2,1rbr,H 62 P,672,2rn2,1rbr
563,2rn2,1rbr,H 62 P,676,2rn2,1rbr
564,2rn2,1rbr,H 62 P,735,2rn2,1rbr
565,2rn2,1rbr,H 62 P,738,2rn2,1rbr
566,2rn2,1rbr,H 62 P,741,2rn2,1rbr
567,2rn2,1rbr,H 62 P,755,2rn2,1rbr
568,2rn2,1rbr,H 62 P,773,2rn2,1rbr
569,2rn2,1rbs,H 62 A,702,1rbs,2rn2
570,2rn2,1rbs,H 62 A,715,1rbs,2rn2
571,2rn2,1rbt,K 95 G,11,1rbt,2rn2
572,2rn2,1rbt,K 95 G,12,1rbt,2rn2
573,2rn2,1rbt,K 95 G,13178,1rbt,2rn2
574,2rn2,1rbt,K 95 G,13179,1rbt,2rn2
575,2rn2,1rbu,K 95 N,13182,2rn2,1rbu
576,2rn2,1rbu,K 95 N,13183,2rn2,1rbu
577,2rn2,1rbu,K 95 N,15,2rn2,1rbu
578,2rn2,1rbu,K 95 N,16,2rn2,1rbu
579,2rn2,1rbv,K 95 A,13,1rbv,2rn2
580,2rn2,1rbv,K 95 A,13180,1rbv,2rn2
581,2rn2,1rbv,K 95 A,13181,1rbv,2rn2
582,2rn2,1rbv,K 95 A,14,1rbv,2rn2
583,2rn2,1rda,D 10 N,13216,2rn2,1rda
584,2rn2,1rda,D 10 N,13229,2rn2,1rda
585,2rn2,1rda,D 10 N,144,2rn2,1rda
586,2rn2,1rda,D 10 N,157,2rn2,1rda
587,2rn2,1rdb,E 48 Q,13221,2rn2,1rdb
588,2rn2,1rdb,E 48 Q,13234,2rn2,1rdb
589,2rn2,1rdb,E 48 Q,149,2rn2,1rdb
590,2rn2,1rdb,E 48 Q,162,2rn2,1rdb
