pdb;chain;score;method_exp;method_res;unp_start;unp_end;resseq_start;resseq_end;cover_exp;cover_obs;ident_exp;ident_obs;inserts;deletions;mismatch;non-obs;modified;resseq;aligned_resseq;aligned_resseq_obs
2rn2;A;1.9904446813279084;X-ray diffraction;1.48;1;155;1;155;1.0;1.0;155;155;0;0;0;0;0;MLKQVEIFTDGSCLGNPGPGGYGAILRYRGREKTFSAGYTRTTNNRMELMAAIVALEALKEHCEVILSTDSQYVRQGITQWIHNWKKRGWKTADKKPVKNVDLWQRLDAALGQHQIKWEWVKGHAGHPENERCDELARAAAMNPTLEDTGYQVEV;MLKQVEIFTDGSCLGNPGPGGYGAILRYRGREKTFSAGYTRTTNNRMELMAAIVALEALKEHCEVILSTDSQYVRQGITQWIHNWKKRGWKTADKKPVKNVDLWQRLDAALGQHQIKWEWVKGHAGHPENERCDELARAAAMNPTLEDTGYQVEV;MLKQVEIFTDGSCLGNPGPGGYGAILRYRGREKTFSAGYTRTTNNRMELMAAIVALEALKEHCEVILSTDSQYVRQGITQWIHNWKKRGWKTADKKPVKNVDLWQRLDAALGQHQIKWEWVKGHAGHPENERCDELARAAAMNPTLEDTGYQVEV
7vsd;A;1.985235968306727;X-ray diffraction;1.7;1;155;1;155;1.0;1.0;155;155;0;0;0;0;0;MLKQVEIFTDGSCLGNPGPGGYGAILRYRGREKTFSAGYTRTTNNRMELMAAIVALEALKEHCEVILSTDSQYVRQGITQWIHNWKKRGWKTADKKPVKNVDLWQRLDAALGQHQIKWEWVKGHAGHPENERCDELARAAAMNPTLEDTGYQVEV;MLKQVEIFTDGSCLGNPGPGGYGAILRYRGREKTFSAGYTRTTNNRMELMAAIVALEALKEHCEVILSTDSQYVRQGITQWIHNWKKRGWKTADKKPVKNVDLWQRLDAALGQHQIKWEWVKGHAGHPENERCDELARAAAMNPTLEDTGYQVEV;MLKQVEIFTDGSCLGNPGPGGYGAILRYRGREKTFSAGYTRTTNNRMELMAAIVALEALKEHCEVILSTDSQYVRQGITQWIHNWKKRGWKTADKKPVKNVDLWQRLDAALGQHQIKWEWVKGHAGHPENERCDELARAAAMNPTLEDTGYQVEV
7vsd;B;1.985225968306727;X-ray diffraction;1.7;1;155;1;155;1.0;1.0;155;155;0;0;0;0;0;MLKQVEIFTDGSCLGNPGPGGYGAILRYRGREKTFSAGYTRTTNNRMELMAAIVALEALKEHCEVILSTDSQYVRQGITQWIHNWKKRGWKTADKKPVKNVDLWQRLDAALGQHQIKWEWVKGHAGHPENERCDELARAAAMNPTLEDTGYQVEV;MLKQVEIFTDGSCLGNPGPGGYGAILRYRGREKTFSAGYTRTTNNRMELMAAIVALEALKEHCEVILSTDSQYVRQGITQWIHNWKKRGWKTADKKPVKNVDLWQRLDAALGQHQIKWEWVKGHAGHPENERCDELARAAAMNPTLEDTGYQVEV;MLKQVEIFTDGSCLGNPGPGGYGAILRYRGREKTFSAGYTRTTNNRMELMAAIVALEALKEHCEVILSTDSQYVRQGITQWIHNWKKRGWKTADKKPVKNVDLWQRLDAALGQHQIKWEWVKGHAGHPENERCDELARAAAMNPTLEDTGYQVEV
7vsa;A;1.9833836438921184;X-ray diffraction;1.76;1;155;1;155;1.0;1.0;155;155;0;0;0;0;0;MLKQVEIFTDGSCLGNPGPGGYGAILRYRGREKTFSAGYTRTTNNRMELMAAIVALEALKEHCEVILSTDSQYVRQGITQWIHNWKKRGWKTADKKPVKNVDLWQRLDAALGQHQIKWEWVKGHAGHPENERCDELARAAAMNPTLEDTGYQVEV;MLKQVEIFTDGSCLGNPGPGGYGAILRYRGREKTFSAGYTRTTNNRMELMAAIVALEALKEHCEVILSTDSQYVRQGITQWIHNWKKRGWKTADKKPVKNVDLWQRLDAALGQHQIKWEWVKGHAGHPENERCDELARAAAMNPTLEDTGYQVEV;MLKQVEIFTDGSCLGNPGPGGYGAILRYRGREKTFSAGYTRTTNNRMELMAAIVALEALKEHCEVILSTDSQYVRQGITQWIHNWKKRGWKTADKKPVKNVDLWQRLDAALGQHQIKWEWVKGHAGHPENERCDELARAAAMNPTLEDTGYQVEV
7vsa;B;1.9833736438921183;X-ray diffraction;1.76;1;155;1;155;1.0;1.0;155;155;0;0;0;0;0;MLKQVEIFTDGSCLGNPGPGGYGAILRYRGREKTFSAGYTRTTNNRMELMAAIVALEALKEHCEVILSTDSQYVRQGITQWIHNWKKRGWKTADKKPVKNVDLWQRLDAALGQHQIKWEWVKGHAGHPENERCDELARAAAMNPTLEDTGYQVEV;MLKQVEIFTDGSCLGNPGPGGYGAILRYRGREKTFSAGYTRTTNNRMELMAAIVALEALKEHCEVILSTDSQYVRQGITQWIHNWKKRGWKTADKKPVKNVDLWQRLDAALGQHQIKWEWVKGHAGHPENERCDELARAAAMNPTLEDTGYQVEV;MLKQVEIFTDGSCLGNPGPGGYGAILRYRGREKTFSAGYTRTTNNRMELMAAIVALEALKEHCEVILSTDSQYVRQGITQWIHNWKKRGWKTADKKPVKNVDLWQRLDAALGQHQIKWEWVKGHAGHPENERCDELARAAAMNPTLEDTGYQVEV
7vsc;A;1.980932802684742;X-ray diffraction;1.83;1;155;1;155;1.0;1.0;155;155;0;0;0;0;0;MLKQVEIFTDGSCLGNPGPGGYGAILRYRGREKTFSAGYTRTTNNRMELMAAIVALEALKEHCEVILSTDSQYVRQGITQWIHNWKKRGWKTADKKPVKNVDLWQRLDAALGQHQIKWEWVKGHAGHPENERCDELARAAAMNPTLEDTGYQVEV;MLKQVEIFTDGSCLGNPGPGGYGAILRYRGREKTFSAGYTRTTNNRMELMAAIVALEALKEHCEVILSTDSQYVRQGITQWIHNWKKRGWKTADKKPVKNVDLWQRLDAALGQHQIKWEWVKGHAGHPENERCDELARAAAMNPTLEDTGYQVEV;MLKQVEIFTDGSCLGNPGPGGYGAILRYRGREKTFSAGYTRTTNNRMELMAAIVALEALKEHCEVILSTDSQYVRQGITQWIHNWKKRGWKTADKKPVKNVDLWQRLDAALGQHQIKWEWVKGHAGHPENERCDELARAAAMNPTLEDTGYQVEV
7vsb;B;1.9805449154318069;X-ray diffraction;1.84;1;155;1;155;1.0;1.0;155;155;0;0;0;0;0;MLKQVEIFTDGSCLGNPGPGGYGAILRYRGREKTFSAGYTRTTNNRMELMAAIVALEALKEHCEVILSTDSQYVRQGITQWIHNWKKRGWKTADKKPVKNVDLWQRLDAALGQHQIKWEWVKGHAGHPENERCDELARAAAMNPTLEDTGYQVEV;MLKQVEIFTDGSCLGNPGPGGYGAILRYRGREKTFSAGYTRTTNNRMELMAAIVALEALKEHCEVILSTDSQYVRQGITQWIHNWKKRGWKTADKKPVKNVDLWQRLDAALGQHQIKWEWVKGHAGHPENERCDELARAAAMNPTLEDTGYQVEV;MLKQVEIFTDGSCLGNPGPGGYGAILRYRGREKTFSAGYTRTTNNRMELMAAIVALEALKEHCEVILSTDSQYVRQGITQWIHNWKKRGWKTADKKPVKNVDLWQRLDAALGQHQIKWEWVKGHAGHPENERCDELARAAAMNPTLEDTGYQVEV
7vse;A;1.9689415158403327;X-ray diffraction;2.08;1;155;1;155;1.0;1.0;155;155;0;0;0;0;0;MLKQVEIFTDGSCLGNPGPGGYGAILRYRGREKTFSAGYTRTTNNRMELMAAIVALEALKEHCEVILSTDSQYVRQGITQWIHNWKKRGWKTADKKPVKNVDLWQRLDAALGQHQIKWEWVKGHAGHPENERCDELARAAAMNPTLEDTGYQVEV;MLKQVEIFTDGSCLGNPGPGGYGAILRYRGREKTFSAGYTRTTNNRMELMAAIVALEALKEHCEVILSTDSQYVRQGITQWIHNWKKRGWKTADKKPVKNVDLWQRLDAALGQHQIKWEWVKGHAGHPENERCDELARAAAMNPTLEDTGYQVEV;MLKQVEIFTDGSCLGNPGPGGYGAILRYRGREKTFSAGYTRTTNNRMELMAAIVALEALKEHCEVILSTDSQYVRQGITQWIHNWKKRGWKTADKKPVKNVDLWQRLDAALGQHQIKWEWVKGHAGHPENERCDELARAAAMNPTLEDTGYQVEV
7vse;B;1.9689315158403327;X-ray diffraction;2.08;1;155;1;155;1.0;1.0;155;155;0;0;0;0;0;MLKQVEIFTDGSCLGNPGPGGYGAILRYRGREKTFSAGYTRTTNNRMELMAAIVALEALKEHCEVILSTDSQYVRQGITQWIHNWKKRGWKTADKKPVKNVDLWQRLDAALGQHQIKWEWVKGHAGHPENERCDELARAAAMNPTLEDTGYQVEV;MLKQVEIFTDGSCLGNPGPGGYGAILRYRGREKTFSAGYTRTTNNRMELMAAIVALEALKEHCEVILSTDSQYVRQGITQWIHNWKKRGWKTADKKPVKNVDLWQRLDAALGQHQIKWEWVKGHAGHPENERCDELARAAAMNPTLEDTGYQVEV;MLKQVEIFTDGSCLGNPGPGGYGAILRYRGREKTFSAGYTRTTNNRMELMAAIVALEALKEHCEVILSTDSQYVRQGITQWIHNWKKRGWKTADKKPVKNVDLWQRLDAALGQHQIKWEWVKGHAGHPENERCDELARAAAMNPTLEDTGYQVEV
1rbv;A;1.965894757779844;X-ray diffraction;1.8;1;155;1;155;1.0;1.0;154;154;0;0;1;0;0;MLKQVEIFTDGSCLGNPGPGGYGAILRYRGREKTFSAGYTRTTNNRMELMAAIVALEALKEHCEVILSTDSQYVRQGITQWIHNWKKRGWKTADAKPVKNVDLWQRLDAALGQHQIKWEWVKGHAGHPENERCDELARAAAMNPTLEDTGYQVEV;MLKQVEIFTDGSCLGNPGPGGYGAILRYRGREKTFSAGYTRTTNNRMELMAAIVALEALKEHCEVILSTDSQYVRQGITQWIHNWKKRGWKTADAKPVKNVDLWQRLDAALGQHQIKWEWVKGHAGHPENERCDELARAAAMNPTLEDTGYQVEV;MLKQVEIFTDGSCLGNPGPGGYGAILRYRGREKTFSAGYTRTTNNRMELMAAIVALEALKEHCEVILSTDSQYVRQGITQWIHNWKKRGWKTADAKPVKNVDLWQRLDAALGQHQIKWEWVKGHAGHPENERCDELARAAAMNPTLEDTGYQVEV
1kva;A;1.965894757779844;X-ray diffraction;1.8;1;155;1;155;1.0;1.0;154;154;0;0;1;0;0;MLKQVEIFTDGSCLGNPGPGGYGAILRYRGREKTFSAGYTRTTNNRMELMAAIVALEALKEHCEVILSTDSQYVRQGITQWIHNWKKRGWKTADKKPVKNVDLWQRLDAALGQHQIKWEWVKGHAGHPENERCAELARAAAMNPTLEDTGYQVEV;MLKQVEIFTDGSCLGNPGPGGYGAILRYRGREKTFSAGYTRTTNNRMELMAAIVALEALKEHCEVILSTDSQYVRQGITQWIHNWKKRGWKTADKKPVKNVDLWQRLDAALGQHQIKWEWVKGHAGHPENERCAELARAAAMNPTLEDTGYQVEV;MLKQVEIFTDGSCLGNPGPGGYGAILRYRGREKTFSAGYTRTTNNRMELMAAIVALEALKEHCEVILSTDSQYVRQGITQWIHNWKKRGWKTADKKPVKNVDLWQRLDAALGQHQIKWEWVKGHAGHPENERCAELARAAAMNPTLEDTGYQVEV
1rbs;A;1.965894757779844;X-ray diffraction;1.8;1;155;1;155;1.0;1.0;154;154;0;0;1;0;0;MLKQVEIFTDGSCLGNPGPGGYGAILRYRGREKTFSAGYTRTTNNRMELMAAIVALEALKEACEVILSTDSQYVRQGITQWIHNWKKRGWKTADKKPVKNVDLWQRLDAALGQHQIKWEWVKGHAGHPENERCDELARAAAMNPTLEDTGYQVEV;MLKQVEIFTDGSCLGNPGPGGYGAILRYRGREKTFSAGYTRTTNNRMELMAAIVALEALKEACEVILSTDSQYVRQGITQWIHNWKKRGWKTADKKPVKNVDLWQRLDAALGQHQIKWEWVKGHAGHPENERCDELARAAAMNPTLEDTGYQVEV;MLKQVEIFTDGSCLGNPGPGGYGAILRYRGREKTFSAGYTRTTNNRMELMAAIVALEALKEACEVILSTDSQYVRQGITQWIHNWKKRGWKTADKKPVKNVDLWQRLDAALGQHQIKWEWVKGHAGHPENERCDELARAAAMNPTLEDTGYQVEV
1rbr;A;1.965894757779844;X-ray diffraction;1.8;1;155;1;155;1.0;1.0;154;154;0;0;1;0;0;MLKQVEIFTDGSCLGNPGPGGYGAILRYRGREKTFSAGYTRTTNNRMELMAAIVALEALKEPCEVILSTDSQYVRQGITQWIHNWKKRGWKTADKKPVKNVDLWQRLDAALGQHQIKWEWVKGHAGHPENERCDELARAAAMNPTLEDTGYQVEV;MLKQVEIFTDGSCLGNPGPGGYGAILRYRGREKTFSAGYTRTTNNRMELMAAIVALEALKEPCEVILSTDSQYVRQGITQWIHNWKKRGWKTADKKPVKNVDLWQRLDAALGQHQIKWEWVKGHAGHPENERCDELARAAAMNPTLEDTGYQVEV;MLKQVEIFTDGSCLGNPGPGGYGAILRYRGREKTFSAGYTRTTNNRMELMAAIVALEALKEPCEVILSTDSQYVRQGITQWIHNWKKRGWKTADKKPVKNVDLWQRLDAALGQHQIKWEWVKGHAGHPENERCDELARAAAMNPTLEDTGYQVEV
1lav;A;1.965894757779844;X-ray diffraction;1.8;1;155;1;155;1.0;1.0;154;154;0;0;1;0;0;MLKQVEIFTDGSCLGNPGPGGYGAILRYRGREKTFSAGYTRTTNNRMELMAAIVALEALKEHCEVILSTDSQYLRQGITQWIHNWKKRGWKTADKKPVKNVDLWQRLDAALGQHQIKWEWVKGHAGHPENERCDELARAAAMNPTLEDTGYQVEV;MLKQVEIFTDGSCLGNPGPGGYGAILRYRGREKTFSAGYTRTTNNRMELMAAIVALEALKEHCEVILSTDSQYLRQGITQWIHNWKKRGWKTADKKPVKNVDLWQRLDAALGQHQIKWEWVKGHAGHPENERCDELARAAAMNPTLEDTGYQVEV;MLKQVEIFTDGSCLGNPGPGGYGAILRYRGREKTFSAGYTRTTNNRMELMAAIVALEALKEHCEVILSTDSQYLRQGITQWIHNWKKRGWKTADKKPVKNVDLWQRLDAALGQHQIKWEWVKGHAGHPENERCDELARAAAMNPTLEDTGYQVEV
1law;A;1.965894757779844;X-ray diffraction;1.8;1;155;1;155;1.0;1.0;154;154;0;0;1;0;0;MLKQVEIFTDGSCLGNPGPGGYGAILRYRGREKTFSAGYTRTTNNRMELMAAIVALEALKEHCEVILSTDSQYIRQGITQWIHNWKKRGWKTADKKPVKNVDLWQRLDAALGQHQIKWEWVKGHAGHPENERCDELARAAAMNPTLEDTGYQVEV;MLKQVEIFTDGSCLGNPGPGGYGAILRYRGREKTFSAGYTRTTNNRMELMAAIVALEALKEHCEVILSTDSQYIRQGITQWIHNWKKRGWKTADKKPVKNVDLWQRLDAALGQHQIKWEWVKGHAGHPENERCDELARAAAMNPTLEDTGYQVEV;MLKQVEIFTDGSCLGNPGPGGYGAILRYRGREKTFSAGYTRTTNNRMELMAAIVALEALKEHCEVILSTDSQYIRQGITQWIHNWKKRGWKTADKKPVKNVDLWQRLDAALGQHQIKWEWVKGHAGHPENERCDELARAAAMNPTLEDTGYQVEV
1rbt;A;1.965894757779844;X-ray diffraction;1.8;1;155;1;155;1.0;1.0;154;154;0;0;1;0;0;MLKQVEIFTDGSCLGNPGPGGYGAILRYRGREKTFSAGYTRTTNNRMELMAAIVALEALKEHCEVILSTDSQYVRQGITQWIHNWKKRGWKTADGKPVKNVDLWQRLDAALGQHQIKWEWVKGHAGHPENERCDELARAAAMNPTLEDTGYQVEV;MLKQVEIFTDGSCLGNPGPGGYGAILRYRGREKTFSAGYTRTTNNRMELMAAIVALEALKEHCEVILSTDSQYVRQGITQWIHNWKKRGWKTADGKPVKNVDLWQRLDAALGQHQIKWEWVKGHAGHPENERCDELARAAAMNPTLEDTGYQVEV;MLKQVEIFTDGSCLGNPGPGGYGAILRYRGREKTFSAGYTRTTNNRMELMAAIVALEALKEHCEVILSTDSQYVRQGITQWIHNWKKRGWKTADGKPVKNVDLWQRLDAALGQHQIKWEWVKGHAGHPENERCDELARAAAMNPTLEDTGYQVEV
1kvc;A;1.961999696805805;X-ray diffraction;1.9;1;155;1;155;1.0;1.0;154;154;0;0;1;0;0;MLKQVEIFTDGSCLGNPGPGGYGAILRYRGREKTFSAGYTRTTNNRMELMAAIVALEALKEHCEVILSTDSQYVRQGITQWIHNWKKRGWKTADKKPVKNVDLWQRLDAALGQHQIKWEWVKGHAGHPENERCNELARAAAMNPTLEDTGYQVEV;MLKQVEIFTDGSCLGNPGPGGYGAILRYRGREKTFSAGYTRTTNNRMELMAAIVALEALKEHCEVILSTDSQYVRQGITQWIHNWKKRGWKTADKKPVKNVDLWQRLDAALGQHQIKWEWVKGHAGHPENERCNELARAAAMNPTLEDTGYQVEV;MLKQVEIFTDGSCLGNPGPGGYGAILRYRGREKTFSAGYTRTTNNRMELMAAIVALEALKEHCEVILSTDSQYVRQGITQWIHNWKKRGWKTADKKPVKNVDLWQRLDAALGQHQIKWEWVKGHAGHPENERCNELARAAAMNPTLEDTGYQVEV
1rdb;A;1.961999696805805;X-ray diffraction;1.9;1;155;1;155;1.0;1.0;154;154;0;0;1;0;0;MLKQVEIFTDGSCLGNPGPGGYGAILRYRGREKTFSAGYTRTTNNRMQLMAAIVALEALKEHCEVILSTDSQYVRQGITQWIHNWKKRGWKTADKKPVKNVDLWQRLDAALGQHQIKWEWVKGHAGHPENERCDELARAAAMNPTLEDTGYQVEV;MLKQVEIFTDGSCLGNPGPGGYGAILRYRGREKTFSAGYTRTTNNRMQLMAAIVALEALKEHCEVILSTDSQYVRQGITQWIHNWKKRGWKTADKKPVKNVDLWQRLDAALGQHQIKWEWVKGHAGHPENERCDELARAAAMNPTLEDTGYQVEV;MLKQVEIFTDGSCLGNPGPGGYGAILRYRGREKTFSAGYTRTTNNRMQLMAAIVALEALKEHCEVILSTDSQYVRQGITQWIHNWKKRGWKTADKKPVKNVDLWQRLDAALGQHQIKWEWVKGHAGHPENERCDELARAAAMNPTLEDTGYQVEV
3aa2;A;1.9490964709993532;X-ray diffraction;1.9;1;155;1;155;1.0;0.9870967741935484;154;152;0;0;1;2;0;MLKQVEIFTDGSCLGNPGPGGYGAILRYRGREKTFSAGYTRTTNNRMELMAIIVALEALKEHCEVILSTDSQYVRQGITQWIHNWKKRGWKTADKKPVKNVDLWQRLDAALGQHQIKWEWVKGHAGHPENERCDELARAAAMNPTLEDTGYQVEV;MLKQVEIFTDGSCLGNPGPGGYGAILRYRGREKTFSAGYTRTTNNRMELMAIIVALEALKEHCEVILSTDSQYVRQGITQWIHNWKKRGWKTADKKPVKNVDLWQRLDAALGQHQIKWEWVKGHAGHPENERCDELARAAAMNPTLEDTGYQVEV;xxKQVEIFTDGSCLGNPGPGGYGAILRYRGREKTFSAGYTRTTNNRMELMAIIVALEALKEHCEVILSTDSQYVRQGITQWIHNWKKRGWKTADKKPVKNVDLWQRLDAALGQHQIKWEWVKGHAGHPENERCDELARAAAMNPTLEDTGYQVEV
1rda;A;1.9483097784692993;X-ray diffraction;2.15;1;155;1;155;1.0;1.0;154;154;0;0;1;0;0;MLKQVEIFTNGSCLGNPGPGGYGAILRYRGREKTFSAGYTRTTNNRMELMAAIVALEALKEHCEVILSTDSQYVRQGITQWIHNWKKRGWKTADKKPVKNVDLWQRLDAALGQHQIKWEWVKGHAGHPENERCDELARAAAMNPTLEDTGYQVEV;MLKQVEIFTNGSCLGNPGPGGYGAILRYRGREKTFSAGYTRTTNNRMELMAAIVALEALKEHCEVILSTDSQYVRQGITQWIHNWKKRGWKTADKKPVKNVDLWQRLDAALGQHQIKWEWVKGHAGHPENERCDELARAAAMNPTLEDTGYQVEV;MLKQVEIFTNGSCLGNPGPGGYGAILRYRGREKTFSAGYTRTTNNRMELMAAIVALEALKEHCEVILSTDSQYVRQGITQWIHNWKKRGWKTADKKPVKNVDLWQRLDAALGQHQIKWEWVKGHAGHPENERCDELARAAAMNPTLEDTGYQVEV
3aa4;A;1.9468897886925354;X-ray diffraction;1.79;1;155;1;155;1.0;0.9806451612903225;154;151;0;0;1;3;0;MLKQVEIFTDGSCLGNPGPGGYGAILRYRGREKTFSAGYTRTTNNRMELMAVIVALEALKEHCEVILSTDSQYVRQGITQWIHNWKKRGWKTADKKPVKNVDLWQRLDAALGQHQIKWEWVKGHAGHPENERCDELARAAAMNPTLEDTGYQVEV;MLKQVEIFTDGSCLGNPGPGGYGAILRYRGREKTFSAGYTRTTNNRMELMAVIVALEALKEHCEVILSTDSQYVRQGITQWIHNWKKRGWKTADKKPVKNVDLWQRLDAALGQHQIKWEWVKGHAGHPENERCDELARAAAMNPTLEDTGYQVEV;xLKQVEIFTDGSCLGNPGPGGYGAILRYRGREKTFSAGYTRTTNNRMELMAVIVALEALKEHCEVILSTDSQYVRQGITQWIHNWKKRGWKTADKKPVKNVDLWQRLDAALGQHQIKWEWVKGHAGHPENERCDELARAAAMNPTLEDTGYQVxx
1goa;A;1.9458706645477406;X-ray diffraction;1.9;1;155;1;156;1.0;1.0;155;155;1;0;0;0;0;MLKQVEIFTDGSCLGNPGPGGYGAILRYRGREKTFSAGYTRTTNNRMELMAAIVALEALKEHCEVILSTDSQYVRQGITQGWIHNWKKRGWKTADKKPVKNVDLWQRLDAALGQHQIKWEWVKGHAGHPENERCDELARAAAMNPTLEDTGYQVEV;MLKQVEIFTDGSCLGNPGPGGYGAILRYRGREKTFSAGYTRTTNNRMELMAAIVALEALKEHCEVILSTDSQYVRQGITQWIHNWKKRGWKTADKKPVKNVDLWQRLDAALGQHQIKWEWVKGHAGHPENERCDELARAAAMNPTLEDTGYQVEV;MLKQVEIFTDGSCLGNPGPGGYGAILRYRGREKTFSAGYTRTTNNRMELMAAIVALEALKEHCEVILSTDSQYVRQGITQWIHNWKKRGWKTADKKPVKNVDLWQRLDAALGQHQIKWEWVKGHAGHPENERCDELARAAAMNPTLEDTGYQVEV
3aa3;A;1.9447152449451712;X-ray diffraction;2.2;1;155;1;155;1.0;1.0;154;154;0;0;1;0;0;MLKQVEIFTDGSCLGNPGPGGYGAILRYRGREKTFSAGYTRTTNNRMELMALIVALEALKEHCEVILSTDSQYVRQGITQWIHNWKKRGWKTADKKPVKNVDLWQRLDAALGQHQIKWEWVKGHAGHPENERCDELARAAAMNPTLEDTGYQVEV;MLKQVEIFTDGSCLGNPGPGGYGAILRYRGREKTFSAGYTRTTNNRMELMALIVALEALKEHCEVILSTDSQYVRQGITQWIHNWKKRGWKTADKKPVKNVDLWQRLDAALGQHQIKWEWVKGHAGHPENERCDELARAAAMNPTLEDTGYQVEV;MLKQVEIFTDGSCLGNPGPGGYGAILRYRGREKTFSAGYTRTTNNRMELMALIVALEALKEHCEVILSTDSQYVRQGITQWIHNWKKRGWKTADKKPVKNVDLWQRLDAALGQHQIKWEWVKGHAGHPENERCDELARAAAMNPTLEDTGYQVEV
3aa5;X;1.9386722772370333;X-ray diffraction;2.1;1;155;1;155;1.0;0.9870967741935484;154;152;0;0;1;2;0;MLKQVEIFTDGSCLGNPGPGGYGAILRYRGREKTFSAGYTRTTNNRMELMAFIVALEALKEHCEVILSTDSQYVRQGITQWIHNWKKRGWKTADKKPVKNVDLWQRLDAALGQHQIKWEWVKGHAGHPENERCDELARAAAMNPTLEDTGYQVEV;MLKQVEIFTDGSCLGNPGPGGYGAILRYRGREKTFSAGYTRTTNNRMELMAFIVALEALKEHCEVILSTDSQYVRQGITQWIHNWKKRGWKTADKKPVKNVDLWQRLDAALGQHQIKWEWVKGHAGHPENERCDELARAAAMNPTLEDTGYQVEV;xLKQVEIFTDGSCLGNPGPGGYGAILRYRGREKTFSAGYTRTTNNRMELMAFIVALEALKEHCEVILSTDSQYVRQGITQWIHNWKKRGWKTADKKPVKNVDLWQRLDAALGQHQIKWEWVKGHAGHPENERCDELARAAAMNPTLEDTGYQVEx
1wsj;F;1.9379191354553922;X-ray diffraction;2.0;1;155;1;155;1.0;0.9806451612903225;153;151;0;0;1;3;0;MLKQVEIFTDGSCLGNPGPGGYGAILRYRGREKTFSAGYTRTTNNRMELMAAIVALEALKEHCEVILSTDSQYVRQGITQWIHNWKARGWKTADKKPVKNVDLWQRLDAALGQHQIKWEWVKGAAGHPENERCDELARAAAMNPTLEDTGYQVEV;MLKQVEIFTDGSCLGNPGPGGYGAILRYRGREKTFSAGYTRTTNNRMELMAAIVALEALKEHCEVILSTDSQYVRQGITQWIHNWKARGWKTADKKPVKNVDLWQRLDAALGQHQIKWEWVKGAAGHPENERCDELARAAAMNPTLEDTGYQVEV;MLKQVEIFTDGSCLGNPGPGGYGAILRYRGREKTFSAGYTRTTNNRMELMAAIVALEALKEHCEVILSTDSQYVRQGITQWIHNWKARGWKTADKKPVKNVDLWQRLDAALGQHQIKWEWVKxxAGHPENERCDELARAAAMNPTLEDTGYQVEx
1rdc;A;1.9364550945643688;X-ray diffraction;2.3;1;155;1;155;1.0;1.0;154;154;0;0;1;0;0;MLKQVEIFTDGSCLGNPGPGGYGAILRYRGREKTFSAGYTRTTNNRMELMAAIVALEALKEHCEVILSTNSQYVRQGITQWIHNWKKRGWKTADKKPVKNVDLWQRLDAALGQHQIKWEWVKGHAGHPENERCDELARAAAMNPTLEDTGYQVEV;MLKQVEIFTDGSCLGNPGPGGYGAILRYRGREKTFSAGYTRTTNNRMELMAAIVALEALKEHCEVILSTNSQYVRQGITQWIHNWKKRGWKTADKKPVKNVDLWQRLDAALGQHQIKWEWVKGHAGHPENERCDELARAAAMNPTLEDTGYQVEV;MLKQVEIFTDGSCLGNPGPGGYGAILRYRGREKTFSAGYTRTTNNRMELMAAIVALEALKEHCEVILSTNSQYVRQGITQWIHNWKKRGWKTADKKPVKNVDLWQRLDAALGQHQIKWEWVKGHAGHPENERCDELARAAAMNPTLEDTGYQVEV
1wsj;H;1.9314675225521665;X-ray diffraction;2.0;1;155;1;155;1.0;0.9741935483870968;153;150;0;0;1;4;0;MLKQVEIFTDGSCLGNPGPGGYGAILRYRGREKTFSAGYTRTTNNRMELMAAIVALEALKEHCEVILSTDSQYVRQGITQWIHNWKARGWKTADKKPVKNVDLWQRLDAALGQHQIKWEWVKGAAGHPENERCDELARAAAMNPTLEDTGYQVEV;MLKQVEIFTDGSCLGNPGPGGYGAILRYRGREKTFSAGYTRTTNNRMELMAAIVALEALKEHCEVILSTDSQYVRQGITQWIHNWKARGWKTADKKPVKNVDLWQRLDAALGQHQIKWEWVKGAAGHPENERCDELARAAAMNPTLEDTGYQVEV;MLKQVEIFTDGSCLGNPGPGGYGAILRYRGREKTFSAGYTRTTNNRMELMAAIVALEALKEHCEVILSTDSQYVRQGITQWIHNWKARGWKTADKKPVKNVDLWQRLDAALGQHQIKWEWVKxxAGHPENERCDELARAAAMNPTLEDTGYQVxx
1wsj;B;1.9282417161005534;X-ray diffraction;2.0;1;155;1;155;1.0;0.9870967741935484;153;151;0;0;2;2;0;MLKQVEIFTDGSCLGNPGPGGYGAILRYRGREKTFSAGYTRTTNNRMELMAAIVALEALKEHCEVILSTDSQYVRQGITQWIHNWKARGWKTADKKPVKNVDLWQRLDAALGQHQIKWEWVKGAAGHPENERCDELARAAAMNPTLEDTGYQVEV;MLKQVEIFTDGSCLGNPGPGGYGAILRYRGREKTFSAGYTRTTNNRMELMAAIVALEALKEHCEVILSTDSQYVRQGITQWIHNWKARGWKTADKKPVKNVDLWQRLDAALGQHQIKWEWVKGAAGHPENERCDELARAAAMNPTLEDTGYQVEV;MLKQVEIFTDGSCLGNPGPGGYGAILRYRGREKTFSAGYTRTTNNRMELMAAIVALEALKEHCEVILSTDSQYVRQGITQWIHNWKARGWKTADKKPVKNVDLWQRLDAALGQHQIKWEWVKGAAGHPENERCDELARAAAMNPTLEDTGYQVxx
1wsj;E;1.9282417161005534;X-ray diffraction;2.0;1;155;1;155;1.0;0.9870967741935484;153;151;0;0;2;2;0;MLKQVEIFTDGSCLGNPGPGGYGAILRYRGREKTFSAGYTRTTNNRMELMAAIVALEALKEHCEVILSTDSQYVRQGITQWIHNWKARGWKTADKKPVKNVDLWQRLDAALGQHQIKWEWVKGAAGHPENERCDELARAAAMNPTLEDTGYQVEV;MLKQVEIFTDGSCLGNPGPGGYGAILRYRGREKTFSAGYTRTTNNRMELMAAIVALEALKEHCEVILSTDSQYVRQGITQWIHNWKARGWKTADKKPVKNVDLWQRLDAALGQHQIKWEWVKGAAGHPENERCDELARAAAMNPTLEDTGYQVEV;MLKQVEIFTDGSCLGNPGPGGYGAILRYRGREKTFSAGYTRTTNNRMELMAAIVALEALKEHCEVILSTDSQYVRQGITQWIHNWKARGWKTADKKPVKNVDLWQRLDAALGQHQIKWEWVKGAAGHPENERCDELARAAAMNPTLEDTGYQVxx
1wsh;B;1.926505825838063;X-ray diffraction;1.9;1;155;1;155;1.0;0.9806451612903225;153;150;0;0;2;3;0;MLKQVEIFTDGSCLGNPGPGGYGAILRYRGREKTFSAGYTRTTNNRMALMAAIVALEALKEHCEVILSTDSQYVRQGITQWIHNWKARGWKTADKKPVKNVDLWQRLDAALGQHQIKWEWVKGHAGHPENERCDELARAAAMNPTLEDTGYQVEV;MLKQVEIFTDGSCLGNPGPGGYGAILRYRGREKTFSAGYTRTTNNRMALMAAIVALEALKEHCEVILSTDSQYVRQGITQWIHNWKARGWKTADKKPVKNVDLWQRLDAALGQHQIKWEWVKGHAGHPENERCDELARAAAMNPTLEDTGYQVEV;xLKQVEIFTDGSCLGNPGPGGYGAILRYRGREKTFSAGYTRTTNNRMALMAAIVALEALKEHCEVILSTDSQYVRQGITQWIHNWKARGWKTADKKPVKNVDLWQRLDAALGQHQIKWEWVKGxxGHPENERCDELARAAAMNPTLEDTGYQVEV
1goc;A;1.9250259096489406;X-ray diffraction;2.0;1;155;1;156;1.0;1.0;154;154;1;0;1;0;0;MLKQVEIFTDGSCLGNPGPGGYGAILRYRGREKTFSAGYTRTTNNRMELMAAIVALEALKEHCEVILSTDSQYVRQAITQGWIHNWKKRGWKTADKKPVKNVDLWQRLDAALGQHQIKWEWVKGHAGHPENERCDELARAAAMNPTLEDTGYQVEV;MLKQVEIFTDGSCLGNPGPGGYGAILRYRGREKTFSAGYTRTTNNRMELMAAIVALEALKEHCEVILSTDSQYVRQAITQWIHNWKKRGWKTADKKPVKNVDLWQRLDAALGQHQIKWEWVKGHAGHPENERCDELARAAAMNPTLEDTGYQVEV;MLKQVEIFTDGSCLGNPGPGGYGAILRYRGREKTFSAGYTRTTNNRMELMAAIVALEALKEHCEVILSTDSQYVRQAITQWIHNWKKRGWKTADKKPVKNVDLWQRLDAALGQHQIKWEWVKGHAGHPENERCDELARAAAMNPTLEDTGYQVEV
1f21;A;1.924105493362969;X-ray diffraction;1.4;1;155;1;155;1.0;0.9806451612903225;152;149;0;0;3;3;0;MLKQVEIFTDGSALGNPGPGGYGAILRYRGREKTFSAGYTRTTNNRMELMAAIVALEALKEHAEVILSTDSQYVRQGITQWIHNWKKRGWKTADKKPVKNVDLWQRLDAALGQHQIKWEWVKGHAGHPENERADELARAAAMNPTLEDTGYQVEV;MLKQVEIFTDGSALGNPGPGGYGAILRYRGREKTFSAGYTRTTNNRMELMAAIVALEALKEHAEVILSTDSQYVRQGITQWIHNWKKRGWKTADKKPVKNVDLWQRLDAALGQHQIKWEWVKGHAGHPENERADELARAAAMNPTLEDTGYQVEV;xxKQVEIFTDGSALGNPGPGGYGAILRYRGREKTFSAGYTRTTNNRMELMAAIVALEALKEHAEVILSTDSQYVRQGITQWIHNWKKRGWKTADKKPVKNVDLWQRLDAALGQHQIKWEWVKGHAGHPENERADELARAAAMNPTLEDTGYQVEx
1wse;A;1.9203260623063043;X-ray diffraction;2.3;1;155;1;155;1.0;1.0;153;153;0;0;2;0;0;MLKQVEIFTDGSCLGNPGPGGYGAILRYRGREKTFSAGYTRTTNNRMALMAAIVALEALKEHCEVILSTDSQYVRQGITQWIHNWKARGWKTADKKPVKNVDLWQRLDAALGQHQIKWEWVKGHAGHPENERCDELARAAAMNPTLEDTGYQVEV;MLKQVEIFTDGSCLGNPGPGGYGAILRYRGREKTFSAGYTRTTNNRMALMAAIVALEALKEHCEVILSTDSQYVRQGITQWIHNWKARGWKTADKKPVKNVDLWQRLDAALGQHQIKWEWVKGHAGHPENERCDELARAAAMNPTLEDTGYQVEV;MLKQVEIFTDGSCLGNPGPGGYGAILRYRGREKTFSAGYTRTTNNRMALMAAIVALEALKEHCEVILSTDSQYVRQGITQWIHNWKARGWKTADKKPVKNVDLWQRLDAALGQHQIKWEWVKGHAGHPENERCDELARAAAMNPTLEDTGYQVEV
1wsf;A;1.9203260623063043;X-ray diffraction;2.3;1;155;1;155;1.0;1.0;153;153;0;0;2;0;0;MLKQVEIFTDGSCLGNPGPGGYGAILRYRGREKTFSAGYTRTTNNRMELMAAIVALEALKEHCEVILSTDSQYVRQGITQWIHNWKARGWKTADKKPVKNVDLWQRLDAALGQHQIKWEWVKGHAGHPENERCAELARAAAMNPTLEDTGYQVEV;MLKQVEIFTDGSCLGNPGPGGYGAILRYRGREKTFSAGYTRTTNNRMELMAAIVALEALKEHCEVILSTDSQYVRQGITQWIHNWKARGWKTADKKPVKNVDLWQRLDAALGQHQIKWEWVKGHAGHPENERCAELARAAAMNPTLEDTGYQVEV;MLKQVEIFTDGSCLGNPGPGGYGAILRYRGREKTFSAGYTRTTNNRMELMAAIVALEALKEHCEVILSTDSQYVRQGITQWIHNWKARGWKTADKKPVKNVDLWQRLDAALGQHQIKWEWVKGHAGHPENERCAELARAAAMNPTLEDTGYQVEV
1wse;B;1.9203160623063043;X-ray diffraction;2.3;1;155;1;155;1.0;1.0;153;153;0;0;2;0;0;MLKQVEIFTDGSCLGNPGPGGYGAILRYRGREKTFSAGYTRTTNNRMALMAAIVALEALKEHCEVILSTDSQYVRQGITQWIHNWKARGWKTADKKPVKNVDLWQRLDAALGQHQIKWEWVKGHAGHPENERCDELARAAAMNPTLEDTGYQVEV;MLKQVEIFTDGSCLGNPGPGGYGAILRYRGREKTFSAGYTRTTNNRMALMAAIVALEALKEHCEVILSTDSQYVRQGITQWIHNWKARGWKTADKKPVKNVDLWQRLDAALGQHQIKWEWVKGHAGHPENERCDELARAAAMNPTLEDTGYQVEV;MLKQVEIFTDGSCLGNPGPGGYGAILRYRGREKTFSAGYTRTTNNRMALMAAIVALEALKEHCEVILSTDSQYVRQGITQWIHNWKARGWKTADKKPVKNVDLWQRLDAALGQHQIKWEWVKGHAGHPENERCDELARAAAMNPTLEDTGYQVEV
1wsf;B;1.9203160623063043;X-ray diffraction;2.3;1;155;1;155;1.0;1.0;153;153;0;0;2;0;0;MLKQVEIFTDGSCLGNPGPGGYGAILRYRGREKTFSAGYTRTTNNRMELMAAIVALEALKEHCEVILSTDSQYVRQGITQWIHNWKARGWKTADKKPVKNVDLWQRLDAALGQHQIKWEWVKGHAGHPENERCAELARAAAMNPTLEDTGYQVEV;MLKQVEIFTDGSCLGNPGPGGYGAILRYRGREKTFSAGYTRTTNNRMELMAAIVALEALKEHCEVILSTDSQYVRQGITQWIHNWKARGWKTADKKPVKNVDLWQRLDAALGQHQIKWEWVKGHAGHPENERCAELARAAAMNPTLEDTGYQVEV;MLKQVEIFTDGSCLGNPGPGGYGAILRYRGREKTFSAGYTRTTNNRMELMAAIVALEALKEHCEVILSTDSQYVRQGITQWIHNWKARGWKTADKKPVKNVDLWQRLDAALGQHQIKWEWVKGHAGHPENERCAELARAAAMNPTLEDTGYQVEV
1wsf;C;1.9203160623063043;X-ray diffraction;2.3;1;155;1;155;1.0;1.0;153;153;0;0;2;0;0;MLKQVEIFTDGSCLGNPGPGGYGAILRYRGREKTFSAGYTRTTNNRMELMAAIVALEALKEHCEVILSTDSQYVRQGITQWIHNWKARGWKTADKKPVKNVDLWQRLDAALGQHQIKWEWVKGHAGHPENERCAELARAAAMNPTLEDTGYQVEV;MLKQVEIFTDGSCLGNPGPGGYGAILRYRGREKTFSAGYTRTTNNRMELMAAIVALEALKEHCEVILSTDSQYVRQGITQWIHNWKARGWKTADKKPVKNVDLWQRLDAALGQHQIKWEWVKGHAGHPENERCAELARAAAMNPTLEDTGYQVEV;MLKQVEIFTDGSCLGNPGPGGYGAILRYRGREKTFSAGYTRTTNNRMELMAAIVALEALKEHCEVILSTDSQYVRQGITQWIHNWKARGWKTADKKPVKNVDLWQRLDAALGQHQIKWEWVKGHAGHPENERCAELARAAAMNPTLEDTGYQVEV
1wsf;D;1.9203160623063043;X-ray diffraction;2.3;1;155;1;155;1.0;1.0;153;153;0;0;2;0;0;MLKQVEIFTDGSCLGNPGPGGYGAILRYRGREKTFSAGYTRTTNNRMELMAAIVALEALKEHCEVILSTDSQYVRQGITQWIHNWKARGWKTADKKPVKNVDLWQRLDAALGQHQIKWEWVKGHAGHPENERCAELARAAAMNPTLEDTGYQVEV;MLKQVEIFTDGSCLGNPGPGGYGAILRYRGREKTFSAGYTRTTNNRMELMAAIVALEALKEHCEVILSTDSQYVRQGITQWIHNWKARGWKTADKKPVKNVDLWQRLDAALGQHQIKWEWVKGHAGHPENERCAELARAAAMNPTLEDTGYQVEV;MLKQVEIFTDGSCLGNPGPGGYGAILRYRGREKTFSAGYTRTTNNRMELMAAIVALEALKEHCEVILSTDSQYVRQGITQWIHNWKARGWKTADKKPVKNVDLWQRLDAALGQHQIKWEWVKGHAGHPENERCAELARAAAMNPTLEDTGYQVEV
1wsj;D;1.9185642967457146;X-ray diffraction;2.0;1;155;1;155;1.0;0.9612903225806452;153;148;0;0;1;6;0;MLKQVEIFTDGSCLGNPGPGGYGAILRYRGREKTFSAGYTRTTNNRMELMAAIVALEALKEHCEVILSTDSQYVRQGITQWIHNWKARGWKTADKKPVKNVDLWQRLDAALGQHQIKWEWVKGAAGHPENERCDELARAAAMNPTLEDTGYQVEV;MLKQVEIFTDGSCLGNPGPGGYGAILRYRGREKTFSAGYTRTTNNRMELMAAIVALEALKEHCEVILSTDSQYVRQGITQWIHNWKARGWKTADKKPVKNVDLWQRLDAALGQHQIKWEWVKGAAGHPENERCDELARAAAMNPTLEDTGYQVEV;MLKQVEIFTDGSCLGNPGPGGYGAILRYRGREKTFSAGYTRTTNNRMELMAAIVALEALKEHCEVILSTDSQYVRQGITQWIHNWKARGWKTADKKPVKNVDLWQRLDAALGQHQIKWEWVxxxxGHPENERCDELARAAAMNPTLEDTGYQVxx
1wsg;A;1.9124571804290422;X-ray diffraction;2.2;1;155;1;155;1.0;1.0;152;152;0;0;3;0;0;MLKQVEIFTDGSCLGNPGPGGYGAILRYRGREKTFSAGYTRTTNNRMALMAAIVALEALKEHCEVILSTDSQYVRQGITQWIHNWKARGWKTADKKPVKNVDLWQRLDAALGQHQIKWEWVKGHAGHPENERCNELARAAAMNPTLEDTGYQVEV;MLKQVEIFTDGSCLGNPGPGGYGAILRYRGREKTFSAGYTRTTNNRMALMAAIVALEALKEHCEVILSTDSQYVRQGITQWIHNWKARGWKTADKKPVKNVDLWQRLDAALGQHQIKWEWVKGHAGHPENERCNELARAAAMNPTLEDTGYQVEV;MLKQVEIFTDGSCLGNPGPGGYGAILRYRGREKTFSAGYTRTTNNRMALMAAIVALEALKEHCEVILSTDSQYVRQGITQWIHNWKARGWKTADKKPVKNVDLWQRLDAALGQHQIKWEWVKGHAGHPENERCNELARAAAMNPTLEDTGYQVEV
1wsg;B;1.9124471804290422;X-ray diffraction;2.2;1;155;1;155;1.0;1.0;152;152;0;0;3;0;0;MLKQVEIFTDGSCLGNPGPGGYGAILRYRGREKTFSAGYTRTTNNRMALMAAIVALEALKEHCEVILSTDSQYVRQGITQWIHNWKARGWKTADKKPVKNVDLWQRLDAALGQHQIKWEWVKGHAGHPENERCNELARAAAMNPTLEDTGYQVEV;MLKQVEIFTDGSCLGNPGPGGYGAILRYRGREKTFSAGYTRTTNNRMALMAAIVALEALKEHCEVILSTDSQYVRQGITQWIHNWKARGWKTADKKPVKNVDLWQRLDAALGQHQIKWEWVKGHAGHPENERCNELARAAAMNPTLEDTGYQVEV;MLKQVEIFTDGSCLGNPGPGGYGAILRYRGREKTFSAGYTRTTNNRMALMAAIVALEALKEHCEVILSTDSQYVRQGITQWIHNWKARGWKTADKKPVKNVDLWQRLDAALGQHQIKWEWVKGHAGHPENERCNELARAAAMNPTLEDTGYQVEV
1wsg;D;1.9124471804290422;X-ray diffraction;2.2;1;155;1;155;1.0;1.0;152;152;0;0;3;0;0;MLKQVEIFTDGSCLGNPGPGGYGAILRYRGREKTFSAGYTRTTNNRMALMAAIVALEALKEHCEVILSTDSQYVRQGITQWIHNWKARGWKTADKKPVKNVDLWQRLDAALGQHQIKWEWVKGHAGHPENERCNELARAAAMNPTLEDTGYQVEV;MLKQVEIFTDGSCLGNPGPGGYGAILRYRGREKTFSAGYTRTTNNRMALMAAIVALEALKEHCEVILSTDSQYVRQGITQWIHNWKARGWKTADKKPVKNVDLWQRLDAALGQHQIKWEWVKGHAGHPENERCNELARAAAMNPTLEDTGYQVEV;MLKQVEIFTDGSCLGNPGPGGYGAILRYRGREKTFSAGYTRTTNNRMALMAAIVALEALKEHCEVILSTDSQYVRQGITQWIHNWKARGWKTADKKPVKNVDLWQRLDAALGQHQIKWEWVKGHAGHPENERCNELARAAAMNPTLEDTGYQVEV
1wsj;G;1.912112683842489;X-ray diffraction;2.0;1;155;1;155;1.0;0.9548387096774194;153;147;0;0;1;7;0;MLKQVEIFTDGSCLGNPGPGGYGAILRYRGREKTFSAGYTRTTNNRMELMAAIVALEALKEHCEVILSTDSQYVRQGITQWIHNWKARGWKTADKKPVKNVDLWQRLDAALGQHQIKWEWVKGAAGHPENERCDELARAAAMNPTLEDTGYQVEV;MLKQVEIFTDGSCLGNPGPGGYGAILRYRGREKTFSAGYTRTTNNRMELMAAIVALEALKEHCEVILSTDSQYVRQGITQWIHNWKARGWKTADKKPVKNVDLWQRLDAALGQHQIKWEWVKGAAGHPENERCDELARAAAMNPTLEDTGYQVEV;MLKQVEIFTDGSCLGNPGPGGYGAILRYRGREKTFSAGYTRTTNNRMELMAAIVALEALKEHCEVILSTDSQYVRQGITQWIHNWKARGWKTADKKPVKNVDLWQRLDAALGQHQIKWEWVxxxxGHPENERCDELARAAAMNPTLEDTGYQxxx
1wsi;C;1.912112683842489;X-ray diffraction;2.0;1;155;1;155;1.0;0.9870967741935484;152;150;0;0;3;2;0;MLKQVEIFTDGSCLGNPGPGGYGAILRYRGREKTFSAGYTRTTNNRMALMAAIVALEALKEHCEVILSTDSQYVRQGITQWIHNWKARGWKTADKKPVKNVDLWQRLDAALGQHQIKWEWVKGHAGHPENERCNELARAAAMNPTLEDTGYQVEV;MLKQVEIFTDGSCLGNPGPGGYGAILRYRGREKTFSAGYTRTTNNRMALMAAIVALEALKEHCEVILSTDSQYVRQGITQWIHNWKARGWKTADKKPVKNVDLWQRLDAALGQHQIKWEWVKGHAGHPENERCNELARAAAMNPTLEDTGYQVEV;xLKQVEIFTDGSCLGNPGPGGYGAILRYRGREKTFSAGYTRTTNNRMALMAAIVALEALKEHCEVILSTDSQYVRQGITQWIHNWKARGWKTADKKPVKNVDLWQRLDAALGQHQIKWEWVKGxAGHPENERCNELARAAAMNPTLEDTGYQVEV
2yv0;X;1.9111922675565176;X-ray diffraction;1.4;1;155;1;155;1.0;1.0;150;150;0;0;5;0;0;MLKQVEIFTDGSCLGNPGPGGYAAILRYRGREKTFSAGYTRTTNNRMELMAAIVALEALKEPCEVILSTDSQYLRQGITQWIHNWKKRGWKTADGKPVKNVDLWQRLDAALGQHQIKWEWVKGHAGHPENERCHELARAAAMNPTLEDTGYQVEV;MLKQVEIFTDGSCLGNPGPGGYAAILRYRGREKTFSAGYTRTTNNRMELMAAIVALEALKEPCEVILSTDSQYLRQGITQWIHNWKKRGWKTADGKPVKNVDLWQRLDAALGQHQIKWEWVKGHAGHPENERCHELARAAAMNPTLEDTGYQVEV;MLKQVEIFTDGSCLGNPGPGGYAAILRYRGREKTFSAGYTRTTNNRMELMAAIVALEALKEPCEVILSTDSQYLRQGITQWIHNWKKRGWKTADGKPVKNVDLWQRLDAALGQHQIKWEWVKGHAGHPENERCHELARAAAMNPTLEDTGYQVEV
1rnh;A;1.9101871999715212;X-ray diffraction;2.0;1;155;1;155;1.0;0.9806451612903225;155;148;0;0;0;3;4;MLKQVEIFTDGSCLGNPGPGGYGAILRYRGREKTFSAGYTRTTNNRMELMAAIVALEALKEHCEVILSTDSQYVRQGITQWIHNWKKRGWKTADKKPVKNVDLWQRLDAALGQHQIKWEWVKGHAGHPENERCDELARAAAMNPTLEDTGYQVEV;MLKQVEIFTDGSCLGNPGPGGYGAILRYRGREKTFSAGYTRTTNNRMELMAAIVALEALKEHCEVILSTDSQYVRQGITQWIHNWKKRGWKTADKKPVKNVDLWQRLDAALGQHQIKWEWVKGHAGHPENERCDELARAAAMNPTLEDTGYQVEV;XLKQVEIFTDGSCLGNPGPGGYGAILRYRGREKTFSAGYTRTTNNRXELXAAIVALEALKEHCEVILSTDSQYVRQGITQWIHNWKKRGWKTADKKPVKNVDLWQRLDAALGQHQIKWEWVKGHAGHPENERCDELARAAAXNPTLEDTGYQxxx
1jl1;A;1.90944618133378;X-ray diffraction;1.3;1;155;1;155;1.0;0.9806451612903225;151;148;0;0;4;3;0;MLKQVEIFTAGSALGNPGPGGYGAILRYRGREKTFSAGYTRTTNNRMELMAAIVALEALKEHAEVILSTDSQYVRQGITQWIHNWKKRGWKTADKKPVKNVDLWQRLDAALGQHQIKWEWVKGHAGHPENERADELARAAAMNPTLEDTGYQVEV;MLKQVEIFTAGSALGNPGPGGYGAILRYRGREKTFSAGYTRTTNNRMELMAAIVALEALKEHAEVILSTDSQYVRQGITQWIHNWKKRGWKTADKKPVKNVDLWQRLDAALGQHQIKWEWVKGHAGHPENERADELARAAAMNPTLEDTGYQVEV;xxKQVEIFTAGSALGNPGPGGYGAILRYRGREKTFSAGYTRTTNNRMELMAAIVALEALKEHAEVILSTDSQYVRQGITQWIHNWKKRGWKTADKKPVKNVDLWQRLDAALGQHQIKWEWVKGHAGHPENERADELARAAAMNPTLEDTGYQVEx
1wsh;D;1.9071509871283856;X-ray diffraction;1.9;1;155;1;155;1.0;0.9612903225806452;153;147;0;0;2;6;0;MLKQVEIFTDGSCLGNPGPGGYGAILRYRGREKTFSAGYTRTTNNRMALMAAIVALEALKEHCEVILSTDSQYVRQGITQWIHNWKARGWKTADKKPVKNVDLWQRLDAALGQHQIKWEWVKGHAGHPENERCDELARAAAMNPTLEDTGYQVEV;MLKQVEIFTDGSCLGNPGPGGYGAILRYRGREKTFSAGYTRTTNNRMALMAAIVALEALKEHCEVILSTDSQYVRQGITQWIHNWKARGWKTADKKPVKNVDLWQRLDAALGQHQIKWEWVKGHAGHPENERCDELARAAAMNPTLEDTGYQVEV;xLKQVEIFTDGSCLGNPGPGGYGAILRYRGREKTFSAGYTRTTNNRMALMAAIVALEALKEHCEVILSTDSQYVRQGITQWIHNWKARGWKTADKKPVKNVDLWQRLDAALGQHQIKWEWVxxxxxHPENERCDELARAAAMNPTLEDTGYQVEV
1wsi;A;1.9056710709392632;X-ray diffraction;2.0;1;155;1;155;1.0;0.9806451612903225;152;149;0;0;3;3;0;MLKQVEIFTDGSCLGNPGPGGYGAILRYRGREKTFSAGYTRTTNNRMALMAAIVALEALKEHCEVILSTDSQYVRQGITQWIHNWKARGWKTADKKPVKNVDLWQRLDAALGQHQIKWEWVKGHAGHPENERCNELARAAAMNPTLEDTGYQVEV;MLKQVEIFTDGSCLGNPGPGGYGAILRYRGREKTFSAGYTRTTNNRMALMAAIVALEALKEHCEVILSTDSQYVRQGITQWIHNWKARGWKTADKKPVKNVDLWQRLDAALGQHQIKWEWVKGHAGHPENERCNELARAAAMNPTLEDTGYQVEV;xLKQVEIFTDGSCLGNPGPGGYGAILRYRGREKTFSAGYTRTTNNRMALMAAIVALEALKEHCEVILSTDSQYVRQGITQWIHNWKARGWKTADKKPVKNVDLWQRLDAALGQHQIKWEWVKGxAGHPENERCNELARAAAMNPTLEDTGYQVEx
1wsi;D;1.9056610709392632;X-ray diffraction;2.0;1;155;1;155;1.0;0.9806451612903225;152;149;0;0;3;3;0;MLKQVEIFTDGSCLGNPGPGGYGAILRYRGREKTFSAGYTRTTNNRMALMAAIVALEALKEHCEVILSTDSQYVRQGITQWIHNWKARGWKTADKKPVKNVDLWQRLDAALGQHQIKWEWVKGHAGHPENERCNELARAAAMNPTLEDTGYQVEV;MLKQVEIFTDGSCLGNPGPGGYGAILRYRGREKTFSAGYTRTTNNRMALMAAIVALEALKEHCEVILSTDSQYVRQGITQWIHNWKARGWKTADKKPVKNVDLWQRLDAALGQHQIKWEWVKGHAGHPENERCNELARAAAMNPTLEDTGYQVEV;xLKQVEIFTDGSCLGNPGPGGYGAILRYRGREKTFSAGYTRTTNNRMALMAAIVALEALKEHCEVILSTDSQYVRQGITQWIHNWKARGWKTADKKPVKNVDLWQRLDAALGQHQIKWEWVKGxxGHPENERCNELARAAAMNPTLEDTGYQVEV
1jxb;A;1.9040105972737904;X-ray diffraction;1.6;1;155;1;155;1.0;0.9806451612903225;151;148;0;0;4;3;0;MLKQVEIFTDGSALGNPGPGGYGAILRYRGREKTFSAGYTRTTNNRMELMAAAVALEALKEHAEVILSTDSQYVRQGITQWIHNWKKRGWKTADKKPVKNVDLWQRLDAALGQHQIKWEWVKGHAGHPENERADELARAAAMNPTLEDTGYQVEV;MLKQVEIFTDGSALGNPGPGGYGAILRYRGREKTFSAGYTRTTNNRMELMAAAVALEALKEHAEVILSTDSQYVRQGITQWIHNWKKRGWKTADKKPVKNVDLWQRLDAALGQHQIKWEWVKGHAGHPENERADELARAAAMNPTLEDTGYQVEV;xxKQVEIFTDGSALGNPGPGGYGAILRYRGREKTFSAGYTRTTNNRMELMAAAVALEALKEHAEVILSTDSQYVRQGITQWIHNWKKRGWKTADKKPVKNVDLWQRLDAALGQHQIKWEWVKGHAGHPENERADELARAAAMNPTLEDTGYQVEx
1wsj;C;1.90243526448765;X-ray diffraction;2.0;1;155;1;155;1.0;0.9612903225806452;153;147;0;0;2;6;0;MLKQVEIFTDGSCLGNPGPGGYGAILRYRGREKTFSAGYTRTTNNRMELMAAIVALEALKEHCEVILSTDSQYVRQGITQWIHNWKARGWKTADKKPVKNVDLWQRLDAALGQHQIKWEWVKGAAGHPENERCDELARAAAMNPTLEDTGYQVEV;MLKQVEIFTDGSCLGNPGPGGYGAILRYRGREKTFSAGYTRTTNNRMELMAAIVALEALKEHCEVILSTDSQYVRQGITQWIHNWKARGWKTADKKPVKNVDLWQRLDAALGQHQIKWEWVKGAAGHPENERCDELARAAAMNPTLEDTGYQVEV;MLKQVEIFTDGSCLGNPGPGGYGAILRYRGREKTFSAGYTRTTNNRMELMAAIVALEALKEHCEVILSTDSQYVRQGITQWIHNWKARGWKTAxxxxVKNVDLWQRLDAALGQHQIKWEWVKGAAGHPENERCDELARAAAMNPTLEDTGYQVxx
1wsh;A;1.9007093742251597;X-ray diffraction;1.9;1;155;1;155;1.0;0.9548387096774194;153;146;0;0;2;7;0;MLKQVEIFTDGSCLGNPGPGGYGAILRYRGREKTFSAGYTRTTNNRMALMAAIVALEALKEHCEVILSTDSQYVRQGITQWIHNWKARGWKTADKKPVKNVDLWQRLDAALGQHQIKWEWVKGHAGHPENERCDELARAAAMNPTLEDTGYQVEV;MLKQVEIFTDGSCLGNPGPGGYGAILRYRGREKTFSAGYTRTTNNRMALMAAIVALEALKEHCEVILSTDSQYVRQGITQWIHNWKARGWKTADKKPVKNVDLWQRLDAALGQHQIKWEWVKGHAGHPENERCDELARAAAMNPTLEDTGYQVEV;xLKQVEIFTDGSCLGNPGPGGYGAILRYRGREKTFSAGYTRTTNNRMALMAAIVALEALKEHCEVILSTDSQYVRQGITQWIHNWKARGWKTADKKPVKNVDLWQRLDAALGQHQIKWEWVxxxxxHPENERCDELARAAAMNPTLEDTGYQVEx
1wsh;C;1.894247761321934;X-ray diffraction;1.9;1;155;1;155;1.0;0.9483870967741935;153;145;0;0;2;8;0;MLKQVEIFTDGSCLGNPGPGGYGAILRYRGREKTFSAGYTRTTNNRMALMAAIVALEALKEHCEVILSTDSQYVRQGITQWIHNWKARGWKTADKKPVKNVDLWQRLDAALGQHQIKWEWVKGHAGHPENERCDELARAAAMNPTLEDTGYQVEV;MLKQVEIFTDGSCLGNPGPGGYGAILRYRGREKTFSAGYTRTTNNRMALMAAIVALEALKEHCEVILSTDSQYVRQGITQWIHNWKARGWKTADKKPVKNVDLWQRLDAALGQHQIKWEWVKGHAGHPENERCDELARAAAMNPTLEDTGYQVEV;xLKQVEIFTDGSCLGNPGPGGYGAILRYRGREKTFSAGYTRTTNNRMALMAAIVALEALKEHCEVILSTDSQYVRQGITQWIHNWKARGWKTADKKPVKNVDLWQRLDAALGQHQIKWEWVxxxxGHPENERCDELARAAAMNPTLEDTGYQxxx
1wsg;C;1.8866407288161389;X-ray diffraction;2.2;1;155;1;155;1.0;0.9741935483870968;152;148;0;0;3;4;0;MLKQVEIFTDGSCLGNPGPGGYGAILRYRGREKTFSAGYTRTTNNRMALMAAIVALEALKEHCEVILSTDSQYVRQGITQWIHNWKARGWKTADKKPVKNVDLWQRLDAALGQHQIKWEWVKGHAGHPENERCNELARAAAMNPTLEDTGYQVEV;MLKQVEIFTDGSCLGNPGPGGYGAILRYRGREKTFSAGYTRTTNNRMALMAAIVALEALKEHCEVILSTDSQYVRQGITQWIHNWKARGWKTADKKPVKNVDLWQRLDAALGQHQIKWEWVKGHAGHPENERCNELARAAAMNPTLEDTGYQVEV;MLKQVEIFTDGSCLGNPGPGGYGAILRxxxxEKTFSAGYTRTTNNRMALMAAIVALEALKEHCEVILSTDSQYVRQGITQWIHNWKARGWKTADKKPVKNVDLWQRLDAALGQHQIKWEWVKGHAGHPENERCNELARAAAMNPTLEDTGYQVEV
1wsi;B;1.8863062322295856;X-ray diffraction;2.0;1;155;1;155;1.0;0.9612903225806452;152;146;0;0;3;6;0;MLKQVEIFTDGSCLGNPGPGGYGAILRYRGREKTFSAGYTRTTNNRMALMAAIVALEALKEHCEVILSTDSQYVRQGITQWIHNWKARGWKTADKKPVKNVDLWQRLDAALGQHQIKWEWVKGHAGHPENERCNELARAAAMNPTLEDTGYQVEV;MLKQVEIFTDGSCLGNPGPGGYGAILRYRGREKTFSAGYTRTTNNRMALMAAIVALEALKEHCEVILSTDSQYVRQGITQWIHNWKARGWKTADKKPVKNVDLWQRLDAALGQHQIKWEWVKGHAGHPENERCNELARAAAMNPTLEDTGYQVEV;xLKQVEIFTDGSCLGNPGPGGYGAILRYRGREKTFSAGYTRTTNNRMALMAAIVALEALKEHCEVILSTDSQYVRQGITQWIHNWKARGWKTADKKPVKNVDLWQRLDAALGQHQIKWEWVKGxxxHPENERCNELARAAAMNPTLEDTGYQVxx
1rdd;A;1.8808070779778823;X-ray diffraction;2.8;1;155;1;155;1.0;1.0;155;155;0;0;0;0;0;MLKQVEIFTDGSCLGNPGPGGYGAILRYRGREKTFSAGYTRTTNNRMELMAAIVALEALKEHCEVILSTDSQYVRQGITQWIHNWKKRGWKTADKKPVKNVDLWQRLDAALGQHQIKWEWVKGHAGHPENERCDELARAAAMNPTLEDTGYQVEV;MLKQVEIFTDGSCLGNPGPGGYGAILRYRGREKTFSAGYTRTTNNRMELMAAIVALEALKEHCEVILSTDSQYVRQGITQWIHNWKKRGWKTADKKPVKNVDLWQRLDAALGQHQIKWEWVKGHAGHPENERCDELARAAAMNPTLEDTGYQVEV;MLKQVEIFTDGSCLGNPGPGGYGAILRYRGREKTFSAGYTRTTNNRMELMAAIVALEALKEHCEVILSTDSQYVRQGITQWIHNWKKRGWKTADKKPVKNVDLWQRLDAALGQHQIKWEWVKGHAGHPENERCDELARAAAMNPTLEDTGYQVEV
1g15;A;1.8232900193864503;X-ray diffraction;1.9;1;155;1;155;1.0;0.9096774193548387;151;137;0;0;4;14;0;MLKQVEIFTDGSALGNPGPGGYGAILRYRGREKTFSAGYTRTTNNRMELMAAIVALEALKEHAEVILSTDSQYVRQGITQWIHNWKARGWKTADKKPVKNVDLWQRLDAALGQHQIKWEWVKGHAGHPENERADELARAAAMNPTLEDTGYQVEV;MLKQVEIFTDGSALGNPGPGGYGAILRYRGREKTFSAGYTRTTNNRMELMAAIVALEALKEHAEVILSTDSQYVRQGITQWIHNWKARGWKTADKKPVKNVDLWQRLDAALGQHQIKWEWVKGHAGHPENERADELARAAAMNPTLEDTGYQVEV;xxKQVEIFTDGSALGNPGPGGYGAILRYRGREKTFSAGYTRTTNNRMELMAAIVALEALKEHAEVILSTDSQYVRQGITQWIHNWKARGWKxxxxxPVKNVDLWQRLDAALGQHQIKWEWVxxxxGHPENERADELARAAAMNPTLEDTGYQxxx
2z1i;A;1.8024452644876503;X-ray diffraction;2.0;1;155;1;155;1.0;0.9741935483870968;146;142;0;0;9;4;0;MLKRVEIFTDGSCLGNPGPGGYGAILRYRGREKTFSAGYERTTNNRMELMAAIVALEALKEHCEVILSTDSHYVRKGITEWIHNWKKRGWKKADKKPVKNVDLWKRLDAALGRHKIKWEWVKGHAGHPENERCDELARAAAMNPTLEDTGYQVEV;MLKRVEIFTDGSCLGNPGPGGYGAILRYRGREKTFSAGYERTTNNRMELMAAIVALEALKEHCEVILSTDSHYVRKGITEWIHNWKKRGWKKADKKPVKNVDLWKRLDAALGRHKIKWEWVKGHAGHPENERCDELARAAAMNPTLEDTGYQVEV;MLKRVEIFTDGSCLGNPGPGGYGAILRYRGREKTFSAGYERTTNNRMELMAAIVALEALKEHCEVILSTDSHYVRKGITEWIHNWKKRGWKKADKKPVKNVDLWKRLDAALGRHKIKWEWVKGHAGHPENERCDELARAAAMNPTLEDTGYxxxx
2z1i;B;1.8024352644876502;X-ray diffraction;2.0;1;155;1;155;1.0;0.9741935483870968;146;142;0;0;9;4;0;MLKRVEIFTDGSCLGNPGPGGYGAILRYRGREKTFSAGYERTTNNRMELMAAIVALEALKEHCEVILSTDSHYVRKGITEWIHNWKKRGWKKADKKPVKNVDLWKRLDAALGRHKIKWEWVKGHAGHPENERCDELARAAAMNPTLEDTGYQVEV;MLKRVEIFTDGSCLGNPGPGGYGAILRYRGREKTFSAGYERTTNNRMELMAAIVALEALKEHCEVILSTDSHYVRKGITEWIHNWKKRGWKKADKKPVKNVDLWKRLDAALGRHKIKWEWVKGHAGHPENERCDELARAAAMNPTLEDTGYQVEV;MLKRVEIFTDGSCLGNPGPGGYGAILRYRGREKTFSAGYERTTNNRMELMAAIVALEALKEHCEVILSTDSHYVRKGITEWIHNWKKRGWKKADKKPVKNVDLWKRLDAALGRHKIKWEWVKGHAGHPENERCDELARAAAMNPTLEDTGYxxxx
2z1j;A;1.7415836557654527;X-ray diffraction;2.38;1;155;1;155;1.0;0.9741935483870968;144;140;0;0;11;4;0;MLKRVEIFTDGSCLGNPGPGGYGAILRYRGREKTFSAGYERTTNNRMELMAAIVALEALKEHCEVILSTDSHYVRKGITEWIHNWKKRGWKKADKKPVKNVDLWKRLDAALGRHKIKWEWVKGHAGHPENERCDELARAAAMKPKLEDTGYQVEV;MLKRVEIFTDGSCLGNPGPGGYGAILRYRGREKTFSAGYERTTNNRMELMAAIVALEALKEHCEVILSTDSHYVRKGITEWIHNWKKRGWKKADKKPVKNVDLWKRLDAALGRHKIKWEWVKGHAGHPENERCDELARAAAMKPKLEDTGYQVEV;MLKRVEIFTDGSCLGNPGPGGYGAILRYRGREKTFSAGYERTTNNRMELMAAIVALEALKEHCEVILSTDSHYVRKGITEWIHNWKKRGWKKADKKPVKNVDLWKRLDAALGRHKIKWEWVKGHAGHPENERCDELARAAAMKPKLEDTGYxxxx
1rbu;A;1.669120564231457;X-ray diffraction;1.8;1;155;1;155;1.0;0.7032258064516129;154;108;0;0;1;46;0;MLKQVEIFTDGSCLGNPGPGGYGAILRYRGREKTFSAGYTRTTNNRMELMAAIVALEALKEHCEVILSTDSQYVRQGITQWIHNWKKRGWKTADNKPVKNVDLWQRLDAALGQHQIKWEWVKGHAGHPENERCDELARAAAMNPTLEDTGYQVEV;MLKQVEIFTDGSCLGNPGPGGYGAILRYRGREKTFSAGYTRTTNNRMELMAAIVALEALKEHCEVILSTDSQYVRQGITQWIHNWKKRGWKTADNKPVKNVDLWQRLDAALGQHQIKWEWVKGHAGHPENERCDELARAAAMNPTLEDTGYQVEV;MLKQVEIFTDGSCLGNPGPGGYGAILRYRGREKTFSAGYTRTTNNRMExxxxxxxxxxxxxxxxxxxxxxxxxxxxxxxxxxxxxxxxxxxxxxNKPVKNVDLWQRLDAALGQHQIKWEWVKGHAGHPENERCDELARAAAMNPTLEDTGYQVEV
1jl2;C;1.3091800955050217;X-ray diffraction;1.76;1;155;1;156;0.516;0.8580645161290322;117;102;1;0;31;22;0;MLKQVEIFTDGSALGNPGPGGYGAILRYRGREKTFSAGYTRTTNNRMELKAAIEGLKALKEPAEVDLYTDSHYLKKAFTEGWLEGWRKRGWRTAEGKPVKNRDLWEALLLAMAPHRVRFHFVKGHAGHPENERADELARAAAMNPTLEDTGYQVEV;MLKQVEIFTDGSALGNPGPGGYGAILRYRGREKTFSAGYTRTTNNRMELKAAIEGLKALKEPAEVDLYTDSHYLKKAFTEWLEGWRKRGWRTAEGKPVKNRDLWEALLLAMAPHRVRFHFVKGHAGHPENERADELARAAAMNPTLEDTGYQVEV;xxKQVEIFTDGSALGNPGPGGYGAILRYRGREKTFSAGYTRTTNNRMELKAAIEGLKALKEPAEVDLYTDSHYLKKAFTExxxxxxxxxxxxxxxxxVKNRDLWEALLLAMAPHRVRFHFVKGHAGHPENERADELARAAAMNPTLEDTGYQxxx
1jl2;B;1.3091800955050217;X-ray diffraction;1.76;1;155;1;156;0.516;0.8580645161290322;117;102;1;0;31;22;0;MLKQVEIFTDGSALGNPGPGGYGAILRYRGREKTFSAGYTRTTNNRMELKAAIEGLKALKEPAEVDLYTDSHYLKKAFTEGWLEGWRKRGWRTAEGKPVKNRDLWEALLLAMAPHRVRFHFVKGHAGHPENERADELARAAAMNPTLEDTGYQVEV;MLKQVEIFTDGSALGNPGPGGYGAILRYRGREKTFSAGYTRTTNNRMELKAAIEGLKALKEPAEVDLYTDSHYLKKAFTEWLEGWRKRGWRTAEGKPVKNRDLWEALLLAMAPHRVRFHFVKGHAGHPENERADELARAAAMNPTLEDTGYQVEV;xxKQVEIFTDGSALGNPGPGGYGAILRYRGREKTFSAGYTRTTNNRMELKAAIEGLKALKEPAEVDLYTDSHYLKKAFTExxxxxxxxxxxxxxxxPVKNRDLWEALLLAMAPHRVRFHFVKGHAGHPENERADELARAAAMNPTLEDTGYxxxx
1jl2;A;1.299512676150183;X-ray diffraction;1.76;1;155;1;156;0.516;0.9612903225806452;117;111;1;0;38;6;0;MLKQVEIFTDGSALGNPGPGGYGAILRYRGREKTFSAGYTRTTNNRMELKAAIEGLKALKEPAEVDLYTDSHYLKKAFTEGWLEGWRKRGWRTAEGKPVKNRDLWEALLLAMAPHRVRFHFVKGHAGHPENERADELARAAAMNPTLEDTGYQVEV;MLKQVEIFTDGSALGNPGPGGYGAILRYRGREKTFSAGYTRTTNNRMELKAAIEGLKALKEPAEVDLYTDSHYLKKAFTEWLEGWRKRGWRTAEGKPVKNRDLWEALLLAMAPHRVRFHFVKGHAGHPENERADELARAAAMNPTLEDTGYQVEV;xxKQVEIFTDGSALGNPGPGGYGAILRYRGREKTFSAGYTRTTNNRMELKAAIEGLKALKEPAEVDLYTDSHYLKKAFTEWLEGWRKRGWRTAEGKPVKNRDLWEALLLAMAPHRVRFHFVKGHAGHPENERADELARAAAMNPTLEDTGYxxxx
7vsb;A;1.2579742702705166;X-ray diffraction;1.84;1;155;1;155;1.0;0.27741935483870966;155;43;0;0;0;112;0;MLKQVEIFTDGSCLGNPGPGGYGAILRYRGREKTFSAGYTRTTNNRMELMAAIVALEALKEHCEVILSTDSQYVRQGITQWIHNWKKRGWKTADKKPVKNVDLWQRLDAALGQHQIKWEWVKGHAGHPENERCDELARAAAMNPTLEDTGYQVEV;MLKQVEIFTDGSCLGNPGPGGYGAILRYRGREKTFSAGYTRTTNNRMELMAAIVALEALKEHCEVILSTDSQYVRQGITQWIHNWKKRGWKTADKKPVKNVDLWQRLDAALGQHQIKWEWVKGHAGHPENERCDELARAAAMNPTLEDTGYQVEV;xxxxxxxxxxxxxxxxxxxxxxxxxxxxxxxxxxxxxxxxxxxxxxxxxxxxxxxxxxxxxxxxxxxxxxxxxxxxxxxxxxxxxxxxxxxxxxxxxxxxxxxxxxxxxxxxQHQIKWEWVKGHAGHPENERCDELARAAAMNPTLEDTGYQVEV
1rch;A;0.9884191140810962;Solution NMR;;1;155;1;155;1.0;0.5870967741935483;155;91;0;0;0;64;0;MLKQVEIFTDGSCLGNPGPGGYGAILRYRGREKTFSAGYTRTTNNRMELMAAIVALEALKEHCEVILSTDSQYVRQGITQWIHNWKKRGWKTADKKPVKNVDLWQRLDAALGQHQIKWEWVKGHAGHPENERCDELARAAAMNPTLEDTGYQVEV;MLKQVEIFTDGSCLGNPGPGGYGAILRYRGREKTFSAGYTRTTNNRMELMAAIVALEALKEHCEVILSTDSQYVRQGITQWIHNWKKRGWKTADKKPVKNVDLWQRLDAALGQHQIKWEWVKGHAGHPENERCDELARAAAMNPTLEDTGYQVEV;xxxxxxxxxxxxxxxxxxxxxxxxxxxxxxxxxxxxxxxxxxxxxxxxxxxxxxxxxxxxxxxxVILSTDSQYVRQGITQWIHNWKKRGWKTADKKPVKNVDLWQRLDAALGQHQIKWEWVKGHAGHPENERCDELARAAAMNPTLEDTGYQVEV
1kvb;A;0.9781287290638694;X-ray diffraction;1.9;1;155;1;155;1.0;0.0;154;0;0;0;0;155;0;MLKQVEIFTDGSCLGNPGPGGYGAILRYRGREKTFSAGYTRTTNNRMELMAAIVALEALKEHCEVILSTDSQYVRQGITQWIHNWKKRGWKTADKKPVKNVDLWQRLDAALGQHQIKWEWVKGHAGHPENERCHELARAAAMNPTLEDTGYQVEV;MLKQVEIFTDGSCLGNPGPGGYGAILRYRGREKTFSAGYTRTTNNRMELMAAIVALEALKEHCEVILSTDSQYVRQGITQWIHNWKKRGWKTADKKPVKNVDLWQRLDAALGQHQIKWEWVKGHAGHPENERCHELARAAAMNPTLEDTGYQVEV;xxxxxxxxxxxxxxxxxxxxxxxxxxxxxxxxxxxxxxxxxxxxxxxxxxxxxxxxxxxxxxxxxxxxxxxxxxxxxxxxxxxxxxxxxxxxxxxxxxxxxxxxxxxxxxxxxxxxxxxxxxxxxxxxxxxxxxxxxxxxxxxxxxxxxxxxxxx
1gob;A;0.973413006423134;X-ray diffraction;2.0;1;155;1;155;1.0;0.0;154;0;0;0;0;155;0;MLKQVEIFTDGSCLGNPGPGGYGAILRYRGREKTFSAGYTRTTNNRMELMAAIVALEALKEHCEVILSTDSQYVRQAITQWIHNWKKRGWKTADKKPVKNVDLWQRLDAALGQHQIKWEWVKGHAGHPENERCDELARAAAMNPTLEDTGYQVEV;MLKQVEIFTDGSCLGNPGPGGYGAILRYRGREKTFSAGYTRTTNNRMELMAAIVALEALKEHCEVILSTDSQYVRQAITQWIHNWKKRGWKTADKKPVKNVDLWQRLDAALGQHQIKWEWVKGHAGHPENERCDELARAAAMNPTLEDTGYQVEV;xxxxxxxxxxxxxxxxxxxxxxxxxxxxxxxxxxxxxxxxxxxxxxxxxxxxxxxxxxxxxxxxxxxxxxxxxxxxxxxxxxxxxxxxxxxxxxxxxxxxxxxxxxxxxxxxxxxxxxxxxxxxxxxxxxxxxxxxxxxxxxxxxxxxxxxxxxx
1wsj;A;0.973413006423134;X-ray diffraction;2.0;1;155;1;155;1.0;0.0;153;0;0;0;0;155;0;MLKQVEIFTDGSCLGNPGPGGYGAILRYRGREKTFSAGYTRTTNNRMELMAAIVALEALKEHCEVILSTDSQYVRQGITQWIHNWKARGWKTADKKPVKNVDLWQRLDAALGQHQIKWEWVKGAAGHPENERCDELARAAAMNPTLEDTGYQVEV;MLKQVEIFTDGSCLGNPGPGGYGAILRYRGREKTFSAGYTRTTNNRMELMAAIVALEALKEHCEVILSTDSQYVRQGITQWIHNWKARGWKTADKKPVKNVDLWQRLDAALGQHQIKWEWVKGAAGHPENERCDELARAAAMNPTLEDTGYQVEV;xxxxxxxxxxxxxxxxxxxxxxxxxxxxxxxxxxxxxxxxxxxxxxxxxxxxxxxxxxxxxxxxxxxxxxxxxxxxxxxxxxxxxxxxxxxxxxxxxxxxxxxxxxxxxxxxxxxxxxxxxxxxxxxxxxxxxxxxxxxxxxxxxxxxxxxxxxx
2z1g;A;0.9677145353015494;X-ray diffraction;2.1;1;155;1;155;1.0;0.0;148;0;0;0;0;155;0;MLKRVEIFTDGSCLGNPGPGGYGAILRYRGREKTFSAGYERTTNNRMELMAAIVALEALKEHCEVILSTDSHYVRKGITEWIHNWKKRGWKKADKKPVKNVDLWKRLDAALGQHQIKWEWVKGHAGHPENERCDELARAAAMNPTLEDTGYQVEV;MLKRVEIFTDGSCLGNPGPGGYGAILRYRGREKTFSAGYERTTNNRMELMAAIVALEALKEHCEVILSTDSHYVRKGITEWIHNWKKRGWKKADKKPVKNVDLWKRLDAALGQHQIKWEWVKGHAGHPENERCDELARAAAMNPTLEDTGYQVEV;xxxxxxxxxxxxxxxxxxxxxxxxxxxxxxxxxxxxxxxxxxxxxxxxxxxxxxxxxxxxxxxxxxxxxxxxxxxxxxxxxxxxxxxxxxxxxxxxxxxxxxxxxxxxxxxxxxxxxxxxxxxxxxxxxxxxxxxxxxxxxxxxxxxxxxxxxxx
1jl2;D;0.9511155793759893;X-ray diffraction;1.76;1;155;1;156;0.516;0.0;117;0;1;0;0;155;0;MLKQVEIFTDGSALGNPGPGGYGAILRYRGREKTFSAGYTRTTNNRMELKAAIEGLKALKEPAEVDLYTDSHYLKKAFTEGWLEGWRKRGWRTAEGKPVKNRDLWEALLLAMAPHRVRFHFVKGHAGHPENERADELARAAAMNPTLEDTGYQVEV;MLKQVEIFTDGSALGNPGPGGYGAILRYRGREKTFSAGYTRTTNNRMELKAAIEGLKALKEPAEVDLYTDSHYLKKAFTEWLEGWRKRGWRTAEGKPVKNRDLWEALLLAMAPHRVRFHFVKGHAGHPENERADELARAAAMNPTLEDTGYQVEV;xxxxxxxxxxxxxxxxxxxxxxxxxxxxxxxxxxxxxxxxxxxxxxxxxxxxxxxxxxxxxxxxxxxxxxxxxxxxxxxxxxxxxxxxxxxxxxxxxxxxxxxxxxxxxxxxxxxxxxxxxxxxxxxxxxxxxxxxxxxxxxxxxxxxxxxxxxx
2z1h;A;0.9168373035060776;X-ray diffraction;2.6;1;155;1;155;1.0;0.0;148;0;0;0;0;155;0;MLKRVEIFTDGSCLGNPGPGGYGAILRYRGREKTFSAGYTRTTNNRMELMAAIVALEALKEHCEVILSTDSQYVRQGITQWIHNWKKRGWKKADKKPVKNVDLWKRLDAALGRHKIKWEWVKGHAGHPENERCDELARAAAMKPKLEDTGYQVEV;MLKRVEIFTDGSCLGNPGPGGYGAILRYRGREKTFSAGYTRTTNNRMELMAAIVALEALKEHCEVILSTDSQYVRQGITQWIHNWKKRGWKKADKKPVKNVDLWKRLDAALGRHKIKWEWVKGHAGHPENERCDELARAAAMKPKLEDTGYQVEV;xxxxxxxxxxxxxxxxxxxxxxxxxxxxxxxxxxxxxxxxxxxxxxxxxxxxxxxxxxxxxxxxxxxxxxxxxxxxxxxxxxxxxxxxxxxxxxxxxxxxxxxxxxxxxxxxxxxxxxxxxxxxxxxxxxxxxxxxxxxxxxxxxxxxxxxxxxx
